ID,Full case title,Year,Respondent State,Home State of investor,Sector,Summary,Treaty,Rules,Administrating institution,amountSought,amountSought_cur,amountAwarded,amountAwarded_cur,Decisions,Publically available,Concurring opinion,Concurring opinion issued,Award,Award's Annulment,Arbitrator1,Arbitrator1President,Arbitrator2,Arbitrator2Claimant,Arbitrator3,Arbitrator3Respondent,italaw,CommentsNLinks
UNC242,Jan Oostergetel and Theodora Laurentius v. The Slovak Republic,2006,Slovakia,Netherlands,Manufacture of textiles,"Claims arising out of alleged actions and omissions by the Slovak authorities that resulted in BCT's bankruptcy, including actions taken by a Bratislava court and the local tax office.",Netherlands-Slovak Republic BIT,UNCITRAL,Ad hoc,63000000,USD,,USD,Decision on Jurisdiction dated 30 April 2010;Final Award dated 23 April 2012,Yes,No,Not applicable,Awarded in favor of state,None,"Kaufmann-Kohler, G. (replacement); Briner, R. (resigned)",Yes,"Wladimiroff, M.",Yes,"Trapl, V.",Yes,http://italaw.com/cases/1222,http://www.iisd.org/itn/2012/07/19/awards-and-decisions-8/;http://globalarbitrationreview.com/news/article/30519/slovakia-defeats-intra-eu-claim/;http://globalarbitrationreview.com/news/article/30576/slovak-treaty-win-comes-price/;http://italaw.com/documents/OostergetelvSlovakRepublic.pdf
UNC521,Achmea B.V. v. The Slovak Republic (PCA Case No. 2013-12) (II),2013,Slovakia,Netherlands,"Insurance, reinsurance and pension funding, except compulsory social security","Claims arising out of the Government's announced plan to establish a unitary public health insurance system in Slovakia run by the State, which would allegedly entail the expropriation of Achmea’s stake in a Slovak health insurance company.",Netherlands-Slovakia BIT,UNCITRAL,PCA,93000000,USD,,USD,Award on Jurisdiction and Admissibility dated 20 May 2014,Yes,No,Not applicable,Awarded in favor of state,None,"Lévy, L.",Yes,"Beechey, J.",Yes,"Dupuy, P.-M.",Yes,http://www.italaw.com/cases/2564,http://globalarbitrationreview.com/news/article/32673/slovakia-defeats-claim-future-expropriation/;http://globalarbitrationreview.com/news/article/31164/measures-targeting-health-insurers-lead-new-claim-against-slovakia/;http://www.iareporter.com/articles/20140613_3
UNC228,The Rompetrol Group N.V. v. Romania (ICSID Case No. ARB/06/3),2006,Romania,Netherlands,Manufacture of coke and refined petroleum products,"Claims arising out of investigations undertaken by Romanian anti-corruption and criminal prosecution authorities relating to the privatisation of an oil refinery company, shortly after the sale of the controlling shares to the claimant, allegedly including the arrest, detention, travel-ban and wire-tapping of key company's executives.",Netherlands-Romania BIT,ICSID,ICSID,100000000,USD,,USD,Decision on Respondent’s Preliminary Objections on Jurisdiction and Admissibility dated 18 April 2008; Award dated 6 May 2013,Yes,No,Not applicable,Awarded in favor of neither investor nor state,None,"Berman, F.",Yes,"Donovan, D.",Yes,"Lalonde, M.",Yes,http://www.italaw.com/cases/920,https://icsid.worldbank.org/apps/ICSIDWEB/cases/Pages/casedetail.aspx?CaseNo=ARB/06/3
UNC313,Alapli Elektrik B.V. v. Turkey (ICSID Case No. ARB/08/13),2008,Turkey,Netherlands,"Electricity, gas, steam and air conditioning supply","Claims arising out of a concession to develop, finance, construct, own, operate and transfer a combined cycle power plant in Turkey and a number of legislative changes in 2000 concerning infrastructure projects in Turkey.",Energy Charter Treaty; Netherlands-Turkey BIT,ICSID,ICSID,100000000,USD,,USD,Award dated 16 July 2012,Yes,Yes,Dissenting Opinion of Marc Lalonde (Award),Awarded in favor of state,Annulment,"Park, W. W.",Yes,"Lalonde, M.",Yes,"Stern, B.",Yes,http://www.italaw.com/cases/1708,https://icsid.worldbank.org/apps/ICSIDWEB/cases/Pages/casedetail.aspx?CaseNo=ARB/08/13;http://www.encharter.org/index.php?id=380;http://globalarbitrationreview.com/news/article/32816/turkish-power-plant-award-upheld-icsid/;http://www.sidley.com/experience/recent-investor-state-arbitrations;http://www.volterrafietta.com/experience.energy.asp;http://www.iareporter.com/articles/20130118_1
UNC249,Liman Caspian Oil BV and NCL Dutch Investment BV v. Kazakhstan (ICSID Case No. ARB/07/14),2007,Kazakhstan,Netherlands,Extraction of crude petroleum and natural gas,Claims arising out of the transfer of claimants' license to explore and extract hydrocarbons in the Liman block in Western Kazakhstan.,Energy Charter Treaty,ICSID,ICSID,200000000,USD,,USD,Award dated 22 June 2010,Yes,No,Not applicable,Awarded in favor of state,None,"Böckstiegel, K.-H.",Yes,"Hobér, K.",Yes,"Crawford, J. R.",Yes,http://www.italaw.com/cases/1977,https://icsid.worldbank.org/apps/ICSIDWEB/cases/Pages/casedetail.aspx?CaseNo=ARB/07/14;http://globalarbitrationreview.com/news/article/14026/oil-company-fights-kazakhstan-drilling-rights/
UNC227,"Azpetrol International Holdings B.V., Azpetrol Group B.V. and Azpetrol Oil Services Group B.V. v. Azerbaijan (ICSID Case No. ARB/06/15)",2006,Azerbaijan,Netherlands,"Electricity, gas, steam and air conditioning supply; Land transport and transport via pipelines; Warehousing and support activities for transportation","Claims arising out of Azpetrol International Holdings’s loss of its shares in Azpetrol Group and Azpetrol Oil Services Group, after an Azerbaijan court decided the original purchase contract had been ineffective, and returned the shares to their former owner.",Energy Charter Treaty,ICSID,ICSID,300000000,USD,,USD,Award dated 8 September 2009,Yes,No,Not applicable,Awarded in favor of state,None,"Feliciano, F. P. (replacement); Watts, A. (deceased)",Yes,"Brower, C. N.",Yes,"Greenwood, C.",Yes,http://www.italaw.com/cases/116,https://icsid.worldbank.org/apps/ICSIDWEB/cases/Pages/casedetail.aspx?CaseNo=ARB/06/15;http://www.allenovery.com/news/en-gb/articles/Pages/ICSID-Tribunal-dismisses-Azpetrol-arbitration.aspx;http://globalarbitrationreview.com/journal/article/16464/energy-charter-treaty-new-claims-azpetrol-launches-ect-claim/;http://globalarbitrationreview.com/news/article/13595/azpetrol-launches-ect-claim/;http://globalarbitrationreview.com/news/article/18852/azpetrol-award-documents-remarkable-events/
UNC514,USA Steel Global Holdings I B.V. v. The Slovak Republic (PCA Case No. 2013-6),2013,Slovakia,Netherlands,Manufacture of basic metals,"Claims arising out of the imposition of certain electricity tariffs upon claimant's local steel plant, US Steel Košice.",Netherlands-Slovakia BIT,UNCITRAL,PCA,300000000,USD,,USD,Not applicable,No,No,Not applicable,Discontinued,None,"Reisman, W. M.",Yes,"Volterra, R.",Yes,"Crawford, J. R.",Yes,http://www.italaw.com/cases/1903,http://www.pca-cpa.org/showpage.asp?pag_id=1509;http://www.finance.gov.sk/En/Default.aspx?CatID=10&id=77;http://globalarbitrationreview.com/news/article/32743/us-steel-drops-slovakia-claim/;http://globalarbitrationreview.com/news/article/31133/slovakia-sued-steelmaker-power-tariffs/;http://www.iareporter.com/articles/20130612
UNC281,Invesmart v. Czech Republic,2007,Czech Republic,Netherlands,"Financial service activities, except insurance and pension funding",Claims arising out of the alleged withdrawal by the Czech previous commitments to provide State support to the foreign-owned bank.,Czech Republic-Netherlands BIT,UNCITRAL,Ad hoc,349100000,USD,,USD,Award dated 3 July 2009,No,No,Not applicable,Awarded in favor of state,Data not available,"Pryles, M. C.",Yes,"Bernardini, P.",Yes,"Thomas, J. C.",Yes,http://www.italaw.com/cases/577,http://www.iareporter.com/articles/20090719_1;http://globalarbitrationreview.com/news/article/18045/czech-government-wins-first-bit-claim-hopes-others-will-back-down/;http://globalarbitrationreview.com/news/article/14033/panel-constituted-czech-bank-claim/
UNC417,Tulip Real Estate Investment and Development Netherlands B.V. v. Turkey (ICSID Case No. ARB/11/28),2011,Turkey,Netherlands,Real estate activities,"Claims arising out of the alleged Government's termination of a mixed-use residential and commercial real estate development project in Istanbul, known as Ispartakule III, in which the claimant held interests.",Netherlands-Turkey BIT,ICSID,ICSID,450000000,USD,,USD,Decision on Bifurcated Jurisdictional Issue dated 5 March 2013;Award dated 10 March 2014,Yes,Yes,"Separate Opinion of Michael Evan Jaffe on the Question of Attribution Under Art 8, ILC Articles (Award)",Awarded in favor of state,Annulment,"Griffith, G.",Yes,"Jaffe, M. E.",Yes,"Knieper, R.",Yes,http://www.italaw.com/cases/1124,https://icsid.worldbank.org/apps/ICSIDWEB/cases/Pages/casedetail.aspx?CaseNo=ARB/11/28;http://globalarbitrationreview.com/news/article/29892/dutch-developer-files-icsid-turkey-shuts-door-housing-project/
UNC453,Highbury International AVV and Ramstein Trading Inc. v. Venezuela (ICSID Case No. ARB/11/1),2011,"Venezuela, Bolivarian Republic of",Netherlands; Panama,Mining of metal ores,Claims arising out of the Government's alleged coercive taking of the areas where claimants held mining concessions within the region of the Lower Caroní River without payment of compensation.,Netherlands-Venezuela BIT,ICSID,ICSID,633000000,USD,,USD,Award dated 26 September 2013,Yes,No,Not applicable,Awarded in favor of state,Annulment,"Barros Bourie, E.",Yes,"Tawil, G. S.",Yes,"von Wobeser, C.",Yes,http://www.italaw.com/cases/2250,https://icsid.worldbank.org/apps/ICSIDWEB/cases/Pages/casedetail.aspx?CaseNo=ARB/11/1;http://globalarbitrationreview.com/news/article/32666/mining-investors-refile-against-venezuela-new-claimant/;http://globalarbitrationreview.com/news/article/31933/venezuela-knocks-mining-claim/;http://www.iareporter.com/articles/20130930_3;http://www.globalarbitrationreview.com/cdn/files/gar/articles/Highbury_Laudo.pdf;http://www.globalarbitrationreview.com/cdn/files/gar/articles/Highbury_Grievance_Report_v_Jan_3_2014.pdf
UNC383,AES Corporation and Tau Power B.V. v. Kazakhstan (ICSID Case No. ARB/10/16),2010,Kazakhstan,United States of America; Netherlands,"Electricity, gas, steam and air conditioning supply",Claims arising out of a series of actions including fines and tariff restrictions imposed to claimants by Kazakh competition authorities concerning energy prices that allegedly had adverse financial impacts on the company’s operations in the country.,Kazakhstan-US BIT; Energy Charter Treaty,ICSID,ICSID,1290000000,USD,,USD,Award dated 1 November 2013,No,No,Not applicable,Awarded in favor of neither investor nor state,None,"Tercier, P. (replacement); Born, G. B. (resigned)",Yes,"Sachs, K.",Yes,"Lowe, V.",Yes,http://www.italaw.com/cases/2288,https://icsid.worldbank.org/apps/ICSIDWEB/cases/Pages/casedetail.aspx?CaseNo=ARB/10/16;http://www.encharter.org/index.php?id=213&L=0#Tau;http://www.iareporter.com/articles/20131104_1;http://globalarbitrationreview.com/news/article/32029/kazakhstan-held-liable-escapes-damages/;http://globalarbitrationreview.com/news/article/28622/kazakhstan-faces-claim-energy-charter-treaty/
UNC319,HICEE B.V. v. The Slovak Republic (PCA Case No. 2009-11),2008,Slovakia,Netherlands,"Insurance, reinsurance and pension funding, except compulsory social security","Claims arising out of the Government's adoption of a number of changes and amendments to the laws on health insurance since 2007, including an Act by which health insurance companies were prohibited from distributing profits and made subject to a cap on their permissible administrative expenses.",Netherlands-Slovak Republic BIT,UNCITRAL,PCA,1388000000,USD,,USD,Partial Award dated 23 May 2011;Supplementary and Final Award dated 17 October 2011,Yes,Yes,Dissenting Opinion of Judge Charles N. Brower (Partial Award),Awarded in favor of state,None,"Berman, F.",Yes,"Brower, C. N.",Yes,"Tomka, P.",Yes,http://www.italaw.com/cases/534,http://www.pca-cpa.org/showpage.asp?pag_id=1427;http://www.finance.gov.sk/en/Default.aspx?CatID=10&id=71;http://globalarbitrationreview.com/news/article/29903/slovakia-defeats-health-insurance-claim/
UNC359,KT Asia Investment Group B.V. v. Kazakhstan (ICSID Case No. ARB/09/8),2009,Kazakhstan,Netherlands,"Financial service activities, except insurance and pension funding","Claims arising out of the Government's alleged forced nationalization of claimant's interest in BTA Bank, by means of Kazakhstan's acquisition of around 75 per cent of the shares of BTA through the National Welfare Fund SamrUnited Kingdom-Kazyna.",Kazakhstan-Netherlands BIT,ICSID,ICSID,1500000000,USD,,USD,"Award dated October 17, 2013",Yes,No,Not applicable,Awarded in favor of state,Annulment,"Kaufmann-Kohler, G.",Yes,"Glick, I.",Yes,"Thomas, J. C.",Yes,http://www.italaw.com/cases/2277,https://icsid.worldbank.org/apps/ICSIDWEB/cases/Pages/casedetail.aspx?CaseNo=ARB/09/8;http://www.adilet.gov.kz/en/node/50061;http://globalarbitrationreview.com/news/article/31991/kazakhstan-wins-again-jurisdiction/;http://www.lexology.com/library/detail.aspx?g=cb52457a-df49-4708-94fc-5c8cd4b1c8c7
UNC262,Saba Fakes v. Turkey (ICSID Case No. ARB/07/20),2007,Turkey,Netherlands,Telecommunications,"Claims arising out of the receivership and the alleged subsequent forced sale by Turkish authorities of assets held by Telsim, a major mobile phone company in which the claimant had invested.",Netherlands-Turkey BIT,ICSID,ICSID,19000000000,USD,,USD,Decision on Preliminary Issues dated 6 October 2008;Award dated 14 July 2010,Yes,No,Not applicable,Awarded in favor of state,None,"Gaillard, E.",Yes,"van Houtte, H.",Yes,"Lévy, L.",Yes,http://www.italaw.com/cases/429,https://icsid.worldbank.org/apps/ICSIDWEB/cases/Pages/casedetail.aspx?CaseNo=ARB/07/20
UNC074,Aguas del Tunari S.A. v. Bolivia (ICSID Case No. ARB/02/3),2002,"Bolivia, Plurinational State of",Netherlands,"Water collection, treatment and supply; Sewerage",Claims arising out of alleged actions and omissions of the government leading up to the rescission of a concession agreement entered into with the claimant.,Bolivia-Netherlands BIT,ICSID,ICSID,,,,USD,"Decision on Jurisdiction dated 21 October 2005; Order taking note of the discontinuance issued by the Tribunal dated 28 March 2006, pursuant to ICSID Arbitration Rule 44",Yes,Yes,Dissenting Declaration of Jose Luis Alberro-Semerena (Decision on Jurisdiction),Settled,None,"Caron, D. D.",Yes,"Álvarez, H. C.",Yes,"Alberro-Semerena, J. L.",Yes,http://www.italaw.com/cases/57,https://icsid.worldbank.org/apps/ICSIDWEB/cases/Pages/casedetail.aspx?CaseNo=ARB/02/3;https://icsid.worldbank.org/ICSID/FrontServlet?requestType=CasesRH&actionVal=showDoc&docId=DC628&caseId=C210; http://www.bechtel.com/2006-01-19.html
UNC179,TSA Spectrum de Argentina S.A. v. Argentine Republic (ICSID Case No. ARB/05/5),2005,Argentina,Netherlands,Telecommunications,Claims arising out of the termination of the concession contract entered into with the claimant through a resolution deciding that the national's telecommunications authority would operate the installations and assets that were the object of the contract due to the investor's alleged illicit enrichment.,Argentina-Netherlands BIT,ICSID,ICSID,,,,USD,Award dated19 December 2008,Yes,Yes,Dissenting Opinion of Arbitrator Grant D. Aldonas (Award); Concurring Opinion of Arbitrator Georges Abi-Saab (Award),Awarded in favor of state,None,"Danelius, H.",Yes,"Aldonas, G. D.",Yes,"Abi-Saab, G.",Yes,http://www.italaw.com/cases/1118,https://icsid.worldbank.org/apps/ICSIDWEB/cases/Pages/casedetail.aspx?CaseNo=ARB/05/5;http://globalarbitrationreview.com/journal/article/15623/treaty-arbitration-tsa-spectrum-tribunal-opts-pierce-corporate-veil/;http://globalarbitrationreview.com/news/article/15022/argentina-wins-split-decision-radio-claim/
UNC499,"Slovak Gas Holding BV, GDF International SAS and E.ON Ruhrgas International GmbH v. Slovak Republic (ICSID Case No. ARB/12/7)",2012,Slovakia,France; Germany; Netherlands,"Electricity, gas, steam and air conditioning supply","Claims arising out of legislative amendments affecting Slovakian price regulation in the gas sector that were allegedly in contravention of certain shareholder's agreement concluded between the claimants and Slovakia, among other actions allegedly resulting in financial losses for claimants' investment in a Slovakian gas company.",Energy Charter Treaty,ICSID,ICSID,,,,USD,Award embodying the parties' settlement agreement dated 19 March 2013,Yes,No,Not applicable,Settled,None,"Landau, T.",Yes,"Douglas, Z.",Yes,"Thomas, J. C.",Yes,http://www.italaw.com/cases/1833,https://icsid.worldbank.org/apps/ICSIDWEB/cases/Pages/casedetail.aspx?CaseNo=ARB/12/7;http://globalarbitrationreview.com/news/article/31446/settlements-reached-icsid-nafta-cases/;http://www.iareporter.com/articles/20120410_1
UNC500,"Emmis International Holding, B.V., Emmis Radio Operating, B.V., MEM Magyar Electronic Media Kereskedelmi és Szolgáltató Kft. v. Hungary (ICSID Case No. ARB/12/2)",2012,Hungary,Netherlands; Switzerland,Programming and broadcasting activities,"Claims arising out of the alleged expropriation of claimants' investments in nationwide FM-frequency radio-broadcasting licenses in Hungary, through the Government's decision to award the radio-broadcasting frequencies formerly held by claimants to a third party.",Hungary-Netherlands BIT; Hungary-Switzerland BIT,ICSID,ICSID,,,,USD,Decision on Respondent’s Objection Under ICSID Arbitration Rule 41(5) dated 11 March 2013; Decision on Respondent's Application for Bifurcation dated 13 June 2013; Award dated 16 April 2014,Yes,No,Not applicable,Awarded in favor of state,None,"McLachlan, C. A.",Yes,"Lalonde, M.",Yes,"Thomas, J. C.",Yes,http://www.italaw.com/cases/384,https://icsid.worldbank.org/apps/ICSIDWEB/cases/Pages/casedetail.aspx?CaseNo=ARB/12/2http://www.iareporter.com/articles/20140418;http://www.iareporter.com/articles/20111231_3
UNC011,FEDAX N.V. v. The Venezuela (ICSID Case No. ARB/96/3),1996,"Venezuela, Bolivarian Republic of",Netherlands,"Financial service activities, except insurance and pension funding",Claims arising out of the alleged lack of payment of certain debt instruments issued by the Government which were assigned by way of endorsement to the claimant.,Netherlands-Venezuela BIT,ICSID,ICSID,600000,USD,600000,USD,Decision on Jurisdiction dated 11 July 1997;Award dated 9 March 1998,Yes,No,Not applicable,Awarded in favor of investor,None,"Orrego Vicuña, F.",Yes,"Heth, M.",Yes,"Owen, B. R.",Yes,http://www.italaw.com/cases/432,https://icsid.worldbank.org/apps/ICSIDWEB/cases/Pages/casedetail.aspx?CaseNo=ARB/96/3
UNC217,Bernardus Henricus Funnekotter and others v. Zimbabwe (ICSID Case No. ARB/05/6),2005,Zimbabwe,Netherlands,"Crop and animal production, hunting and related service activities","Claims arising out of the enactment of a Land Acquisition Act and other measures authorizing the Government to acquire compulsorily any rural land when the acquisition was deemed necessary for agricultural settlement purposes under which the claimants' properties were allegedly expropriated without compensation, including the presence of war veterans and settlers that forced the claimants to vacate their farms.",Netherlands-Zimbabwe BIT,ICSID,ICSID,15600000,USD,10600000,USD,Award dated 22 April 2009,Yes,No,Not applicable,Awarded in favor of investor,None,"Guillaume, G.",Yes,"Cass, R. A.",Yes,"Wasi Zafar, M.",Yes,http://italaw.com/cases/467,https://icsid.worldbank.org/apps/ICSIDWEB/cases/Pages/casedetail.aspx?CaseNo=ARB/05/6;http://globalarbitrationreview.com/news/article/14198/zimbabwe-admits-bit-breach/
UNC271,"Bureau Veritas, Inspection, Valuation, Assesment and Control, BIVAC B.V. v. Paraguay (ICSID Case No. ARB/07/9)",2007,Paraguay,Netherlands,"Other professional, scientific and technical activities","Claims arising out of Paraguay's alleged non-payment of invoices to the investor under a contract in which Bureau Veritas was to provide pre-shipment inspection support to the Paraguayan Customs Agency, to assist the collection of import duties.",Netherlands-Paraguay BIT,ICSID,ICSID,36100000,USD,21000000,USD,"Decision of the Tribunal on Objections to Jurisdiction dated 29 May 2009;Further Decision on Objections to Jurisdiction dated 9 October 2012;Order taking note of the discontinuance issued by the Tribunal dated 7 August 2014, pursuant to Arbitration Rule 43(1)",Yes,No,Not applicable,Settled,None,"Knieper, R.",Yes,"Fortier, L. Y.",Yes,"Sands, P.",Yes,http://www.italaw.com/cases/179,https://icsid.worldbank.org/apps/ICSIDWEB/cases/Pages/casedetail.aspx?CaseNo=ARB/07/9;http://globalarbitrationreview.com/news/article/14454/french-company-files-arbitration-against-paraguay/;http://globalarbitrationreview.com/news/article/31757/paraguay-settle-icsid-claim-bond-issuance/http://www.iareporter.com/articles/20140821
UNC324,Achmea B.V. (formerly Eureko B.V.) v. The Slovak Republic (PCA Case No. 2008-13) (I),2008,Slovakia,Netherlands,"Insurance, reinsurance and pension funding, except compulsory social security",Claims arising out of various legislative measures introduced by Slovakia that allegedly constituted a systematic reversal of the previous liberalisation of the Slovak health insurance market that had prompted the claimant to invest in the Slovak Republic’s health insurance sector.,Netherlands-Slovak Republic BIT,UNCITRAL,PCA,84700000,USD,28800000,USD,"Award on Jurisdiction, Arbitrability and Suspension dated 26 October 2010;Award dated 7 December 2012",Yes,No,Not applicable,Awarded in favor of investor,Judicial review,"Lowe, V.",Yes,"van den Berg, A. J.",Yes,"Veeder, V. V. (replacement); Tomka, P. (resigned)",Yes,http://italaw.com/cases/417,http://globalarbitrationreview.com/news/article/31145/german-court-hear-further-challenge-slovakia/
UNC147,Eastern Sugar B.V. v. The Czech Republic (SCC Case No. 088/2004),2004,Czech Republic,Netherlands,Manufacture of food products,"Claims arising out of various regulatory sugar regimes put in place by the respondent from 2000 onwards; particularly, the Czech Republic’s allocation of sugar quotas based on the European Union’s agricultural quota system that allegedly affected the claimant's investments.",Czech Republic-Netherlands BIT,UNCITRAL,SCC,113100000,USD,33700000,USD,Partial Award dated 27 March 2007;Final Award dated 12 April 2007,Yes,Yes,Partial Dissenting Opinion of Robert Volterra (Final Award),Awarded in favor of investor,None,"Karrer, P. A.",Yes,"Volterra, R.",Yes,"Gaillard, E.",Yes,http://www.italaw.com/cases/368,http://iiapp.org/media/uploads/eastern_sugar_v_czech_republic.rev.pdf
UNC273,E.T.I. Euro Telecom International N.V. v. Plurinational State of Bolivia (ICSID Case No. ARB/07/28) (I),2007,"Bolivia, Plurinational State of",Netherlands,Telecommunications,Claims arising out of the Government's transfer of claimant's 50 per cent stake in the Bolivian telecoms company Entel to the State after the company was nationalized in 2007.,Bolivia-Netherlands BIT,ICSID,ICSID,961600000,USD,50000000,USD,"Order taking note of the discontinuance of the proceeding issued by the Tribunal dated 21 October 2009, pursuant to ICSID Arbitration Rule 44",No,No,Not applicable,Settled,None,"Simma, B.",Yes,"Orrego Vicuña, F.",Yes,"Sands, P.",Yes,None,https://icsid.worldbank.org/apps/ICSIDWEB/cases/Pages/casedetail.aspx?CaseNo=ARB/07/28;http://globalarbitrationreview.com/news/article/28899/telecom-italia-wins-payout-bolivia/;http://globalarbitrationreview.com/news/article/14849/bolivia-eti-nominate-arbitrators/
UNC350,E.T.I. Euro Telecom International N.V. v. Bolivia (II),2009,"Bolivia, Plurinational State of",Netherlands,Telecommunications,Claims arising out of the Government's transfer of claimant's 50 per cent stake in the Bolivian telecoms company Entel to the State after the company was nationalized in 2007.,Bolivia-Netherlands BIT,UNCITRAL,PCA,961600000,USD,50000000,USD,Data not available,No,Data not available,Data not available,Settled,None,"Simma, B.",Yes,"Orrego Vicuña, F.",Yes,"Sands, P.",Yes,None,http://omal.info/spip.php?article2208;https://books.google.ch/books?id=RbQq8dQtsQ0C&pg=PA71&lpg=PA71&dq=E.T.I.+Euro+Telecom+Bolivia+2009&source=bl&ots=8q3tcu0wKi&sig=VJHd5ZI9yaBmD97UdlCiFFJH5VY&hl=en&sa=X&ei=2HnjVMHJMoGvPLuNgcgE&ved=0CDUQ6AEwBQ#v=onepage&q=E.T.I.%20Euro%20Telecom%20Bolivia%202009&f=false;http://globalarbitrationreview.com/news/article/28899/telecom-italia-wins-payout-bolivia/;https://books.google.ch/books?id=U0cpomZeSbYC&pg=PA530&lpg=PA530&dq=E.T.I.+Euro+Telecom+International+N.V.+v.+Republic+of+Bolivia&source=bl&ots=lVxcDdrfam&sig=ogSeCJwFxJqNz6MDmY_zjBgG0g4&hl=en&sa=X&ei=8nLjVPjiHYK3PPz8gPgB&ved=0CC8Q6AEwBjgK#v=onepage&q=E.T.I.%20Euro%20Telecom%20International%20N.V.%20v.%20Republic%20of%20Bolivia&f=false
UNC145,Interbrew v. Slovenia (ICSID Case No. ARB/04/17),2004,Slovenia,Netherlands,Manufacture of beverages,Claims arising out of the alleged role of the Slovenian Government concerning the acquisition of equity interests in the second largest local brewer Pivovarna Union.,Netherlands-Slovenia BIT,ICSID,ICSID,,,70700000,USD,"Order taking note of the discontinuance issued by the Tribunal dated 18 July 2005, pursuant to ICSID Arbitration Rule 44",No,Data not available,Data not available,Settled,None,"Orrego Vicuña, F.",Yes,"Brower, C. N.",Yes,"Feliciano, F. P.",Yes,None,https://icsid.worldbank.org/apps/ICSIDWEB/cases/Pages/casedetail.aspx?CaseNo=ARB/04/17;http://www.iisd.org/pdf/2005/investment_investsd_sept6_2005.pdf;http://legacy.ab-inbev.com/go/media/global_press_releases/press_releases_search.cfm?searchYear=2005&searchMonth=2&Search=Submit
UNC414,"Khan Resources Inc., Khan Resources B.V. and Cauc Holding Company Ltd. v. the Government of Mongolia and Monatom Co., Ltd.",2011,Mongolia,Canada; Netherlands; British Virgin Islands,Mining of metal ores,Claims arising out of Mongolia’s cancellation of claimant's mining and exploration licenses for a uranium deposit located in the Dornod province in northeastern Mongolia.,Energy Charter Treaty,UNCITRAL,PCA,358000000,USD,80000000,USD,Decision on Jurisdiction dated July 2012;Award dated 2 March 2015,No,No,Not applicable,Awarded in favor of investor,None,"Williams, D. A. R.",Yes,"Fortier, L. Y.",Yes,"Hanotiau, B.",Yes,http://www.italaw.com/cases/604,http://www.encharter.org/index.php?id=213&L=0#Khan;http://www.iareporter.com/articles/20150303;http://globalarbitrationreview.com/news/article/33594/mongolia-held-liable-uranium-dispute/www.marketwired.com/press-release/khan-announces-us100-million-international-arbitration-award-cnsx-kri-1996568.htm
UNC226,Rail World LLC and others v. Estonia (ICSID Case No. ARB/06/6),2006,Estonia,Netherlands; United States of America,Civil engineering,"Claims arising out of Estonia's renationalisation of its national railway, which allegedly reversed a planned privatisation and modified claimants' rail operations contract.",Estonia-Netherlands BIT; Estonia-United States BIT,ICSID,ICSID,440000000,USD,200000000,USD,"Order taking note of the discontinuance issued by the Tribunal dated 5 February 2007, pursuant to Arbitration Rule 43(1)",Yes,No,Not applicable,Settled,None,"Kaufmann-Kohler, G.",Yes,"Böckstiegel, K.-H.",Yes,"Gaillard, E. (replacement); Raeside, M. (resigned)",Yes,http://www.italaw.com/cases/901,https://icsid.worldbank.org/apps/ICSIDWEB/cases/Pages/casedetail.aspx?CaseNo=ARB/06/6;http://globalarbitrationreview.com/news/article/13738/estonia-ends-railway-dispute/;http://www.expertguides.com/default.asp?page=2&egaBOBID=97&CountryID=118&ExpertOfficeID=20042&GuideID=204&fcIndex=681&fIndex=205
UNC052,CME Czech Republic B.V. v. The Czech Republic,2000,Czech Republic,Netherlands,Programming and broadcasting activities,"Claims arising out of actions and omissions attributed to the Media Council, an organ of the Czech Republic that allegedly commercially destroyed the broadcasting station operator which was partly owned by the investor.",Czech Republic-Netherlands BIT,UNCITRAL,Ad hoc,495200000,USD,270000000,USD,Partial Award dated 13 September 2001;Final Award dated 14 March 2003,Yes,Yes,"Dissenting opinion of the Arbitrator JUDr Jaroslav Hándl (Partial Award);Separate Opinion on the issues at the quantum phases of CME v. Czech Republic by Ian Brownlie, C.B.E., Q.C. (Final Award)",Awarded in favor of investor,Judicial review,"Kühn, W.",Yes,"Schwebel, S. M.",Yes,"Hándl, J.",Yes,http://www.italaw.com/cases/281,http://www.biicl.org/files/3919_2003_cme_v_czech_republic.pdf
UNC057,SalUnited Kingdoma Investments BV v. The Czech Republic,2001,Czech Republic,Netherlands,"Financial service activities, except insurance and pension funding",Claims arising out of the imposition of a forced administration upon the investor's banking enterprise by the Czech National Bank.,Czech Republic-Netherlands BIT,UNCITRAL,PCA,1900000000,USD,281000000,USD,Decision on Jurisdiction over the Czech Republic's Counterclaim dated 7 May 2004;Partial Award dated 17 March 2006,Yes,No,Not applicable,Settled,Judicial review,"Watts, A. (replacement); Lauterpacht, E. (resigned)",Yes,"Fortier, L. Y. (replacement); Price, D. M. (resigned)",Yes,"Behrens, P.",Yes,http://www.italaw.com/cases/961,http://www.pca-cpa.org/showpage.asp?pag_id=1149;http://books.google.ch/books?id=IAfb_1jKd1oC&pg=PA188&lpg=PA188&dq=salUnited Kingdoma+czech+republic+settlement&source=bl&ots=Nr2pph_660&sig=AtTd5utCZrtXsmIqTzDP_Pl27Xg&hl=en&sa=X&ei=zpBgVLGtKNPXatnogvAE&ved=0CCkQ6AEwAg#v=onepage&q=salUnited Kingdoma%20czech%20republic%20settlement&f=false
UNC428,OI European Group B.V. v. Venezuela (ICSID Case No. ARB/11/25),2011,"Venezuela, Bolivarian Republic of",Netherlands,Manufacture of other non-metallic mineral products,Claims arising out of disagreements between the parties over the amount of compensation owed by the Government for the nationalization of two expropriated glass manufacturing plants in which the claimant had invested.,Netherlands-Venezuela BIT,ICSID,ICSID,929500000,USD,372400000,USD,Award dated 10 March 2015,Yes,No,Not applicable,Awarded in favor of investor,None,"Fernández-Armesto, J.",Yes,"Orrego Vicuña, F.",Yes,"Mourre, A.",Yes,http://www.italaw.com/cases/2979,https://icsid.worldbank.org/apps/ICSIDWEB/cases/Pages/casedetail.aspx?CaseNo=ARB/11/25;http://globalarbitrationreview.com/news/article/33624/venezuela-loses-bit-bottle-battle/;http://www.iareporter.com/articles/20150312_2;http://globalarbitrationreview.com/news/article/29870/no-green-bottles-hanging-wall-icsid-registers-new-claim-against-venezuela/;https://www.victoriaadvocate.com/news/2011/sep/28/bc-lt-venezuela-owens-illinois/;http://www.iareporter.com/articles/20120410;http://www.iareporter.com/articles/20111012;http://www.toledoblade.com/business/2011/09/29/Untitled-BS3OUnited KingdomH8-1UD.html
UNC290,CEMEX Caracas Investments B.V. and CEMEX Caracas II Investments B.V. v. Venezuela (ICSID Case No. ARB/08/15),2008,"Venezuela, Bolivarian Republic of",Netherlands,Manufacture of other non-metallic mineral products,"Claims arising out of the Government's 2008 nationalization of foreign-owned cement companies in Venezuela, including the claimants, and disagreements over the amount of compensation owed to CEMEX.",Netherlands-Venezuela BIT,ICSID,ICSID,1200000000,USD,600000000,USD,"Decision on Jurisdiction dated 30 December 2010;Order taking note of the discontinuance of the proceeding issued by the Tribunal dated 15 February 2012, pursuant to ICSID Arbitration Rule 43(1)",Yes,No,Not applicable,Settled,None,"Guillaume, G.",Yes,"von Mehren, R.",Yes,"Abi-Saab, G.",Yes,http://www.italaw.com/cases/232,https://icsid.worldbank.org/apps/ICSIDWEB/cases/Pages/casedetail.aspx?CaseNo=ARB/08/15;http://globalarbitrationreview.com/news/article/30013/cemex-settles-venezuela/;http://globalarbitrationreview.com/journal/article/29054/investment-treaty-arbitration-article-22-no-longer-catch-venezuela/
UNC327,"Holcim Limited, Holderfin B.V. and Caricement B.V. v. Venezuela (ICSID Case No. ARB/09/3)",2009,"Venezuela, Bolivarian Republic of",Netherlands; Switzerland,Manufacture of other non-metallic mineral products,"Claims arising out of the Government's 2008 nationalization of foreign-owned cement companies in Venezuela, including the claimants, and the alleged cease of compensation negotiations between Holcim and the national oil company PDVSA.",Switzerland-Venezuela BIT; Netherlands-Venezuela  BIT,ICSID,ICSID,,,650000000,USD,Not applicable,No,No,Not applicable,Settled,None,"Fernández-Armesto, J.",Yes,"Brower, C. N.",Yes,"Abi-Saab, G.",Yes,None,https://icsid.worldbank.org/apps/ICSIDWEB/cases/Pages/casedetail.aspx?CaseNo=ARB/09/3;http://www.debevoise.com/dietmarprager;http://globalarbitrationreview.com/news/article/15189/holcim-files-against-venezuela-icsid/:http://globalarbitrationreview.com/news/article/18498/holcim-rebuffs-compensation-offer-sells-latam-assets/;http://globalarbitrationreview.com/news/article/28736/holcim-venezuela-settlement-no-surprise/;http://www.holcim.com/media-relations/latest-releases/latest-release/article/holcim-receives-final-compensation-installment-for-nationalization-of-its-operations-in-venezuela.html
UNC266,Eni Dación B.V. v. Venezuela (ICSID Case No. ARB/07/4),2007,"Venezuela, Bolivarian Republic of",Netherlands,Extraction of crude petroleum and natural gas,"Claims arising out the investor's refusal to sign an amended contract which would allegedly grant a majority stake in its oil venture to the Venezuelan State and the subsequent seizure of its assets and the Government's nationalization of the Dación oil field in which the claimant, a Dutch subsidiary of Italy's oil and gas company Eni Spa, had invested.",Netherlands-Venezuela BIT,ICSID,ICSID,1000000000,USD,700000000,USD,"Order taking note of the discontinuance issued by the Acting Secretary-General dated 18 APril 2008, pursuant to ICSID Arbitration Rule 44",No,No,Not applicable,Settled,None,Not applicable,Not applicable,Not applicable,Not applicable,Not applicable,Not applicable,None,https://icsid.worldbank.org/apps/ICSIDWEB/cases/Pages/casedetail.aspx?CaseNo=ARB/07/4;http://globalarbitrationreview.com/news/article/13768/eni-registers-billion-dollar-claim/;http://www.eni.com/en_IT/media/press-releases/2008/02/2008-02-15-eni-reaches-settlement-agreement.shtml;http://www.law360.com/articles/47552/venezuela-reaches-700m-settlement-with-eni
UNC254,Venezuela Holdings B.V. and others v. Venezuela (ICSID Case No. ARB/07/27),2007,"Venezuela, Bolivarian Republic of",Bahamas; United States of America; Netherlands,Extraction of crude petroleum and natural gas,Claims arising out of Venezuela's nationalization of two oil projects in which the claimants had interests known as the Cerro Negro Project and La Ceiba Project (after having increased their applicable royalty rate and income tax) and subsequent disagreements between the parties concerning the amount of compensation owed to the investor.,Netherlands-Venezuela BIT,ICSID,ICSID,14679000000,USD,1600000000,USD,Decision on Jurisdiction dated 10 June 2010;Award of the Tribunal dated 9 October 2014,Yes,No,Not applicable,Awarded in favor of investor,None,"Guillaume, G.",Yes,"Kaufmann-Kohler, G.",Yes,"El-Kosheri, A. S.",Yes,http://www.italaw.com/cases/713,https://icsid.worldbank.org/apps/ICSIDWEB/cases/Pages/casedetail.aspx?CaseNo=ARB/07/27;http://globalarbitrationreview.com/news/article/33065/exxon-gets-us16-billion-venezuela-condemns-unnecessary-arbitration/
UNC124,Eureko B.V. v. Poland,2003,Poland,Netherlands,"Insurance, reinsurance and pension funding, except compulsory social security",Claims arising out of the privatisation of a Polish insurance company and subsequent alleged actions by the Minister of the State Treasury of Poland which negatively affected the corporate governance of the company in which the claimants had invested.,Netherlands-Poland BIT,UNCITRAL,Ad hoc,10000000000,USD,4379000000,USD,Partial Award dated 19 August 2005,Yes,Yes,Dissenting Opinion of Mr. Jerzy Rajski (Partial Award),Settled,Judicial review,"Fortier, L. Y.",Yes,"Schwebel, S. M.",Yes,"Rajski, J.",Yes,http://www.italaw.com/cases/412,https://www.achmea.com/SitecollectionDocuments/2009-10-02_1.pdf;http://globalarbitrationreview.com/news/article/15079/eureko-changes-tack-recession-bites/; http://United Kingdom.practicallaw.com/6-500-6640?service=arbitration; http://www.ipe.com/eureko-secures-exit-from-polish-pzu-row/32881.fullarticle;http://books.google.ch/books?id=hFK9p5byYIAC&pg=PA92&lpg=PA92&dq=Eureko+B.V.+v.+Poland+summary&source=bl&ots=2Y9MhxA7ez&sig=dfOuxPEc1O7diadki9XqdfdyLbo&hl=de&sa=X&ei=T6tsVKPIKILCObqFgeAB&ved=0CDgQ6AEwAw#v=onepage&q=Eureko%20B.V.%20v.%20Poland%20summary&f=false
UNC173,ABCI Investments Limited v. Tunisia (ICSID Case No. ARB/04/12),2004,Tunisia,Netherlands,"Financial service activities, except insurance and pension funding","Claims arising out of the alleged takeover of claimant's controlling stake in a French-Tunisian bank by duress, including criminal proceedings against shareholders taken by the respondent following claimant's attempts to enforce an ICC award.",Netherlands-Tunisia BIT,ICSID,ICSID,0,USD,,,Decision on Jurisdiction dated 18 February 2011,Yes,Yes,Dissenting Opinion of Professor Brigitte Stern (Decision on Jurisdiction),Pending,None,"Orrego Vicuña, F.",Yes,"Bernardini, P.",Yes,"Stern, B. (replacement); Kaufmann-Kohler, G. (resigned)",Yes,http://www.italaw.com/cases/37,https://icsid.worldbank.org/apps/ICSIDWEB/cases/Pages/casedetail.aspx?CaseNo=ARB/04/12;http://globalarbitrationreview.com/news/article/29372/stern-dissents-tunisian-bank-dispute/
UNC216,K+ Venture Partners v. Czech Republic,2005,Czech Republic,Netherlands,"Financial service activities, except insurance and pension funding","Claims arising out of the termination of a contract concluded between the Dutch firm's Czech subsidiary and Czech authorities despite allegedly achieving the agreed results, and involving unpaid contractual premium for administration of certain public funds.",Czech Republic-Netherlands BIT,UNCITRAL,Ad hoc,7600000,USD,,,Data not available,No,Data not available,Data not available,Settled,None,"Sachs, K.",Yes,"Reichert, K.",Data not available,"Walde, T.",Data not available,None,files.cyil.eu/200000056-7f59d8053a/ČSMP_2011_17_fecak.pdf;http://www.iisd.org/pdf/2007/itn_jan17_2007.pdf;http://www.iisd.org/pdf/2007/itn_apr13_2007.pdf;http://globalarbitrationreview.com/news/article/13736/czech-republic-settles-k-claim/
UNC504,Charanne B.V. and Construction Investments S.a.r.l. v. Spain,2012,Spain,Luxembourg; Netherlands,"Electricity, gas, steam and air conditioning supply","Claims arising out of a series of energy reforms undertaken by the Government affecting the renewables sector, including a 7 per cent tax on power generators’ revenues and a reduction in subsidies for renewable energy producers.",Energy Charter Treaty,SCC,SCC,22000000,USD,,,Pending,Pending,Pending,Pending,Pending,None,"Mourre, A.",Yes,"Tawil, G. S.",Yes,"von Wobeser, C.",Yes,http://www.italaw.com/cases/2082,http://www.encharter.org/index.php?id=213&L=0#Charanne;http://www.iareporter.com/articles/20130617_1;http://www.iareporter.com/articles/20140416;http://globalarbitrationreview.com/news/article/31643/spain-sees-mixed-results-early-round-solar-claims/;http://www.asktheeu.org/en/request/investor_state_disputes_against;http://www.tsolar.com/recursos/doc/Comunicacion_INGLES/1594617470_3082010134512.pdf
UNC150,ABN Amro N.V. v. India,2004,India,Netherlands,"Electricity, gas, steam and air conditioning supply","Claims arising out of respondent's alleged failure to protect the investor's loans in the Dabhol combined cycle power plant project in India, the default of which resulted in significant losses to the claimant's financing of the failed project.",India-Netherlands BIT,UNCITRAL,Ad hoc,42800000,USD,,,Data not available,No,Data not available,Data not available,Settled,Data not available,Data not available,Yes,"Schreuer, C. H.",Data not available,"Greenwood, C.",Data not available,None,http://www.transnational-dispute-management.com/news.asp?key=5;http://www.iisd.org/pdf/2004/investment_investsd_dec17_2004.pdf;http://www.americanlawyer.com/id=900005543995/Arbitration-Scorecard-Contract-Disputes;http://archive.financialexpress.com/news/offshorebankslauncharbitrationforrecoveryofclaimsindabhol/122438;http://globalarbitrationreview.com/journal/article/15954/india-arbitration-treaty-protection-india/;http://ase.tufts.edu/gdae/Pubs/rp/DP29MortimoreStanleyJan10.pdf;http://books.google.ch/books?id=4og_TeL-q30C&pg=PA293&lpg=PA293&dq=india+dabhol+banks+settlement&source=bl&ots=GMfjpLyLoJ&sig=32_UAmEJiAYyAILpe579uDuyiio&hl=de&sa=X&ei=M1x0VIKCPIneav-kgKgG&ved=0CFsQ6AEwBw#v=onepage&q=india%20dabhol%20banks%20settlement&f=false;http://www.telegraphindia.com/1050721/asp/business/story_5015896.asp;https://fr.groups.yahoo.com/neo/groups/arbitrage-adr/conversations/topics/694
UNC315,Itera International Energy LLC and Itera Group NV v. Georgia (ICSID Case No. ARB/08/7),2008,Georgia,Netherlands; United States of America,"Electricity, gas, steam and air conditioning supply","Claims arising out of the alleged restructuring of significant gas debts owed by Georgian state-owned entities to Itera and actions subsequently taken by Georgia that rendered the claimants’ investments valueless, including the bankruptcy proceedings of a chemical fertilizer plant in the city of Rustavi in which Itera had acquired a majority shareholding.",Georgia-United States BIT; Georgia-Netherlands BIT,ICSID,ICSID,46400000,USD,,,"Decision on the Admissibility of Ancillary Claims dated 4 December 2009;Order taking note of the discontinuance of the proceeding issued by the Tribunal dated 19 November 2010, pursuant to ICSID Arbitration Rule 43(1)",Yes,Yes,Dissenting Opinion of Professor Francisco Orrego Vicuña (Decision on the Admissibility of Ancillary Claims),Discontinued,None,"Danelius, H.",Yes,"Orrego Vicuña, F.",Yes,"Stern, B.",Yes,http://www.italaw.com/cases/584,https://icsid.worldbank.org/apps/ICSIDWEB/cases/Pages/casedetail.aspx?CaseNo=ARB/08/7;http://globalarbitrationreview.com/news/article/19630/georgia-faces-no-extra-claims-itera-case/;http://globalarbitrationreview.com/news/article/14652/itera-takes-georgia-icsid/;http://www.iisd.org/itn/2010/01/12/an-icsid-tribunal-splits-over-whether-to-hear-ancillary-claims-in-dispute-over-unpaid-gas-deliveries/;http://www.whitecase.com/idq-winter-news-2/#.VNiRSvnF98E
UNC496,MNSS B.V. and Recupero Credito Acciaio N.V v. Montenegro (ICSID Case No. ARB(AF)/12/8),2012,Montenegro,Netherlands,Manufacture of basic metals,"Claims arising out of alleged Government interference with the operation and management of a steel production facility in which the claimants had invested, leading to its bankruptcy.",Netherlands-Yugoslavia BIT,ICSID AF,ICSID,93000000,USD,,,Pending,Pending,Pending,Pending,Pending,None,"Rigo Sureda, A.",Yes,"Gaillard, E.",Yes,"Stern, B. (replacement); Schreuer, C. H. (resigned)",Yes,http://www.italaw.com/cases/2028,https://icsid.worldbank.org/apps/ICSIDWEB/cases/Pages/casedetail.aspx?CaseNo=ARB(AF)/12/8;http://www.iareporter.com/articles/20150410;http://www.iareporter.com/articles/20121210_3;http://globalarbitrationreview.com/news/article/31046/montenegro-steels-itself-first-icsid-claim/
UNC169,Trinh Vinh Binh and Binh Chau Joint Stock Company v. Socialist Vietnam,2004,Viet Nam,Netherlands,Manufacture of food products; Real estate activities,"Claims arising out of the alleged unlawful confiscation of real estate and other claimants' assets without compensation, including the criminal conviction of Mr. Trinh.",Netherlands-Viet Nam BIT,UNCITRAL,SCC,100000000,USD,,,Award dated 14 March 2007,No,Data not available,Data not available,Settled,None,"Baker, C. M.",Yes,"Hobér, K.",Data not available,"Stern, B.",Data not available,http://www.italaw.com/cases/155,http://www.kslaw.com/people/Craig-Miles/Matters;http://www.iisd.org/pdf/2007/itn_mar27_2007.pdf;http://www.iisd.org/pdf/2005/investment_investsd_may27_2005.pdf
UNC193,I&I Beheer B.V. v. Venezuela (ICSID Case No. ARB/05/4),2005,"Venezuela, Bolivarian Republic of",Netherlands,"Financial service activities, except insurance and pension funding","Claims arising out of the alleged non-payment of two promissory notes acquired by the claimant that had been originally issued in 1981 by Venezuela's State-owned agricultural development bank, Bandagro.",Netherlands-Venezuela BIT,ICSID,ICSID,300000000,USD,,,"Order taking note of the discontinuance issued by the Tribunal dated 28 December 2007, pursuant to Article 44 of the ICSID Convention",No,No,Not applicable,Discontinued,None,"Böckstiegel, K.-H.",Yes,"Brower, C. N.",Yes,"Dupuy, P.-M.",Yes,None,https://icsid.worldbank.org/apps/ICSIDWEB/cases/Pages/casedetail.aspx?CaseNo=ARB/05/4;http://globalarbitrationreview.com/news/article/14261/icsid-dismisses-forged-bond-claim/;http://www.arnoldporter.com/experience.cfm?action=view&id=1158&owner=practice; https://books.google.ch/books?id=RbQq8dQtsQ0C&pg=PR28&lpg=PR28&dq=beheer+venezuela+icsid&source=bl&ots=8q3qbrZAMi&sig=WVwVq_LFsw4_3YBjfB34MnPMXbg&hl=en&sa=X&ei=NK2zVNzVJ6Od7gaPw4GABw&ved=0CC4Q6AEwAw#v=onepage&q=beheer&f=false
UNC494,Lao Holdings N.V. v. Lao People’s Democratic Republic (ICSID Case No. ARB(AF)/12/6),2012,Lao People's Democratic Republic,Netherlands,Accommodation; Gambling and betting activities,"Claims arising out of alleged material breaches of a settlement agreement aimed at putting an end to the ICSID AF arbitration between the parties concerning Lao Holdings’ investments in gambling and tourism facilities in Laos (including the construction and operation of two hotels and casinos, and three slot-machine clubs), after the Government allegedly authorized the building of a competitor's casino in the same province.",Lao People's Democratic Republic-Netherlands BIT,ICSID AF,ICSID,1000000000,USD,,,Decision on Jurisdiction dated 21 February 2014; Settlement Agreement dated 15 June 2014;Interim Ruling on Issues Arising Under the Deed of Settlement dated 19 December 2014,Yes,No,Not applicable,Pending,None,"Binnie, I.",Yes,"Hanotiau, B.",Yes,"Stern, B.",Yes,http://www.italaw.com/cases/2020,https://icsid.worldbank.org/apps/ICSIDWEB/cases/Pages/casedetail.aspx?CaseNo=ARB(AF)/12/6;http://www.iareporter.com/articles/20150319_1;http://www.iareporter.com/articles/20150106;http://globalarbitrationreview.com/news/article/33371/icsid-panel-weighs-bid-revive-laos-claim/;http://globalarbitrationreview.com/news/article/32745/laos-settles-treaty-claims-gaming-assets/;http://globalarbitrationreview.com/news/article/30758/treaty-claims-launched-against-laos/;http://www.iareporter.com/articles/20130403_4
UNC198,Mittal Steel Company N.V. v. Czech Republic,2005,Czech Republic,Netherlands,Manufacture of basic metals,"Claims arising out of the respondent's alleged discriminatory treatment to the investor in connection with the privatization of the local steel enterprise Vitkovice Steel; particularly, the exclusion of the claimant from bidding on Vitkovice.",Czech Republic-Netherlands BIT,UNCITRAL,Ad hoc,1400000000,USD,,,Data not available,No,Data not available,Data not available,Settled,None,"Steyn, J.",Yes,"Bernardini, P.",Data not available,"Greenwood, C.",Data not available,None,http://www.tni.org/sites/www.tni.org/files/download/briefing_on_intra-eu_bits_0.pdf;http://www.iisd.org/pdf/2005/investment_investsd_sept15_2005.pdf;http://www.bilaterals.org/?mittal-steel-to-launch-netherlands&lang=en;http://www.americanlawyer.com/id=1202498347632/Arbitration-Scorecard-2011-Treaty-Disputes?slreturn=20150013051102;https://www.academia.edu/985365/Investment_Arbitration_and_the_Czech_Republic_2009_in_Hindsight;www.iareporter.com/downloads/20100107/download;http://www.iisd.org/itn/wp-content/uploads/2010/10/itn_nov24_2006.pdf
UNC258,Shell Nigeria Ultra Deep Limited v. Federal Nigeria (ICSID Case No. ARB/07/18),2007,Nigeria,Netherlands,Extraction of crude petroleum and natural gas,"Claims arising out of the alleged breach of a production-sharing contract concluded between Shell Nigeria and Nigeria's state oil company (NNPC), after the State ordered NNPC's portion of the venture to be handed over to a private company, Malabu Oil and Gas, with which the claimant had farmed the relevant exploration block.",Netherlands-Nigeria BIT,ICSID,ICSID,1800000000,USD,,,"Order taking note of the discontinuance of the proceeding issued by the Tribunal dated 1 August 2011, pursuant to ICSID Arbitration Rule 43(1)",No,No,Not applicable,Discontinued,None,"Fernández-Armesto, J. (replacement); Elaraby, N. (resigned)",Yes,"Park, W. W.",Yes,"Gharavi, H. G.",Yes,None,http://allafrica.com/stories/200708070710.html;http://globalarbitrationreview.com/news/article/13990/shell-takes-nigeria-icsid/;http://globalarbitrationreview.com/news/article/15061/elaraby-chair-oil-claim-against-nigeria/;http://www.americanlawyer.com/id=1202498347632/Arbitration-Scorecard-2011-Treaty-Disputes?slreturn=20150026105204
UNC140,"Offshore Power Production C.V., Travamark Two B.V., EFS India-Energy B.V., Enron B.V., and Indian Power Investments B.V. v. India",2004,India,Netherlands,"Electricity, gas, steam and air conditioning supply","Claims arising out of respondent alleged failure to protect claimants' investment in the Dabhol power plant project in India, which resulted in significant losses to the claimants' financing of the failed project.",India-Netherlands BIT,UNCITRAL,Ad hoc,4000000000,USD,,,Data not available,No,Data not available,Data not available,Settled,Data not available,Data not available,Yes,"Lalonde, M.",Data not available,"Cooke, L.",Data not available,None,http://www.transnational-dispute-management.com/news.asp?key=5;http://www.iisd.org/pdf/2004/investment_investsd_dec17_2004.pdf;http://www.americanlawyer.com/id=900005543995/Arbitration-Scorecard-Contract-Disputes;http://archive.financialexpress.com/news/offshorebankslauncharbitrationforrecoveryofclaimsindabhol/122438;http://globalarbitrationreview.com/journal/article/15954/india-arbitration-treaty-protection-india/;http://ase.tufts.edu/gdae/Pubs/rp/DP29MortimoreStanleyJan10.pdf;http://books.google.ch/books?id=4og_TeL-q30C&pg=PA293&lpg=PA293&dq=india+dabhol+banks+settlement&source=bl&ots=GMfjpLyLoJ&sig=32_UAmEJiAYyAILpe579uDuyiio&hl=de&sa=X&ei=M1x0VIKCPIneav-kgKgG&ved=0CFsQ6AEwBw#v=onepage&q=india%20dabhol%20banks%20settlement&f=false;http://www.telegraphindia.com/1050721/asp/business/story_5015896.asp;https://fr.groups.yahoo.com/neo/groups/arbitrage-adr/conversations/topics/694
UNC246,"ConocoPhillips Petrozuata B.V., ConocoPhillips Hamaca B.V. and ConocoPhillips Gulf of Paria B.V. v. Venezuela (ICSID Case No. ARB/07/30)",2007,"Venezuela, Bolivarian Republic of",Netherlands,Extraction of crude petroleum and natural gas,"Claims arising out of Venezuela's nationalization of three oil projects in which the claimants had interests, after having increased their applicable royalty rate and income tax.",Netherlands-Venezuela BIT,ICSID,ICSID,30305000000,USD,,,Decision on Jurisdiction and Merits dated 3 September 2013; Decision on Respondent's Request for Reconsideration dated 10 March 2014,Yes,Yes,Dissenting Opinion of Georges Abi-Saab (Decision on the Proposal to Disqualify a Majority of the Tribunal),Pending,None,"Keith, K.",Yes,"Fortier, L. Y.",Yes,"Abi-Saab, G. (replacement); Brownlie, I. (deceased)",Yes,http://www.italaw.com/cases/321,https://icsid.worldbank.org/apps/ICSIDWEB/cases/Pages/casedetail.aspx?CaseNo=ARB/07/30;http://globalarbitrationreview.com/news/article/31864/icsid-panel-holds-venezuela-liable-conoco-expropriation/;http://globalarbitrationreview.com/news/article/14165/conocophillips-files-claim-against-venezuela/
UNC427,Longreef Investments A.V.V. v. Venezuela (ICSID Case No. ARB/11/5),2011,"Venezuela, Bolivarian Republic of",Netherlands,Manufacture of food products,"Claims arising out of the Government's nationalization of Compañia Anónima Café Fama de América, a 120-year old coffee company in which the claimant had invested.",Netherlands-Venezuela BIT,ICSID,ICSID,,,,,Decision on Jurisdiction dated 12 February 2014,No,No,Not applicable,Pending,None,"Edward, D. A. O.",Yes,"Gómez Pinzón, E.",Yes,"Mourre, A.",Yes,http://italaw.com/cases/2406,https://icsid.worldbank.org/apps/ICSIDWEB/cases/Pages/casedetail.aspx?CaseNo=ARB/11/5;http://globalarbitrationreview.com/news/article/32424/venezuelan-coffee-claim-grinds-on/;http://globalarbitrationreview.com/news/article/30000/colombian-arbitrator-challenged-venezuelan-coffee-case/;http://www.marcasurmi.com/en/articles/venezuela/_Trademark_FAMO_DE_AMERICA.html;http://empresateya.blogspot.ch/2011/01/el-mejor-cafe-fama-de-america-demanda.html;http://www.democraticunderground.com/discuss/duboard.php?az=view_all&address=405x47395
UNC488,"Guardian Fiduciary Trust, Ltd, f/k/a Capital Conservator Savings & Loan, Ltd v. Macedonia, former Yugoslav (ICSID Case No. ARB/12/31)",2012,"Macedonia, The former Yugoslav Republic of",Netherlands,"Financial service activities, except insurance and pension funding",Claims arising out of claimants' alleged investment in Macedonia's finance sector through trust banking operations.,Macedonia-Netherlands BIT,ICSID,ICSID,,,,,Pending,Pending,No,Not applicable,Pending,None,"Heiskanen, V.",Yes,"Bucher, A.",Yes,"Stern, B.",Yes,http://www.italaw.com/cases/1970,https://icsid.worldbank.org/apps/ICSIDWEB/cases/Pages/casedetail.aspx?CaseNo=ARB/12/31;http://globalarbitrationreview.com/news/article/31728/whos-sitting-icsid-tribunal-round-up/;http://www.lw.com/Reports/AttorneyBioReport.aspx?empid=08364;http://www.lw.com/reports/attorneybioreport.aspx?empid=04902
UNC438,The PV Investors v. Spain,2011,Spain,Denmark; Germany; Ireland; Luxembourg; Netherlands; United Kingdom,"Electricity, gas, steam and air conditioning supply","Claims arising out of a series of energy reforms undertaken by the Government affecting the renewables sector, including a 7 per cent tax on power generators’ revenues and a reduction in subsidies for renewable energy producers.",Energy Charter Treaty,UNCITRAL,Ad hoc,,,,,Decision on Bifurcation dated March 2013,No,Data not available,Data not available,Pending,None,"Kaufmann-Kohler, G.",Yes,"Brower, C. N.",Yes,"Sepúlveda-Amor, B.",Yes,http://www.italaw.com/cases/2119,http://www.encharter.org/index.php?id=213&L=0#PV;www.iareporter.com/articles/20131205;http://www.iareporter.com/articles/20130617_1;http://www.reuters.com/article/2013/02/14/us-spain-renewables-idUSBRE91D1A020130214;http://globalarbitrationreview.com/news/article/29972/solar-claims-rain-down-spain-winds-change-blow/;http://www.finanznachrichten.de/nachrichten-2011-03/19578568-international-pv-investors-demand-compensation-or-repeal-for-retroactive-spanish-pv-tariff-changes-under-international-investment-treaty-007.htm
UNC232,Shell Brands International AG and Shell Nicaragua S.A. v. Nicaragua (ICSID Case No. ARB/06/14),2006,Nicaragua,Netherlands,Manufacture of chemicals and chemical products,"Claims arising out of Nicaragua's alleged seizure of trademarks of the investors after a local court issued a USD 489 million judgment against Shell Oil in a class action suit by former banana workers, which had alleged damages arising from a myriad of health effects linked to banana pesticides supposedly supplied by Shell Oil.",Netherlands-Nicaragua BIT,ICSID,ICSID,,,,,"Order taking note of the discontinuance issued by the Secretary-General dated 12 March 2007, pursuant to ICSID Arbitration Rule 44",No,No,Not applicable,Settled,None,Not applicable,Not applicable,Not applicable,Not applicable,Not applicable,Not applicable,None,https://icsid.worldbank.org/apps/ICSIDWEB/cases/Pages/casedetail.aspx?CaseNo=ARB/06/14;www.iisd.org/pdf/2007/itn_may9_2007.pdf;www.iisd.org/pdf/2006/itn_oct13_2006.pdf;https://books.google.ch/books?id=iVMyAQAAQBAJ&pg=PA421&lpg=PA421&dq=shell+nicaragua+icsid&source=bl&ots=7bibKCbxzi&sig=DZATf58uWQX5CtUYe4p-MbwHJ5A&hl=en&sa=X&ei=21y-VIPvH8bvaomggLAN&ved=0CC0Q6AEwAw#v=onepage&q=shell%20nicaragua%20icsid&f=false
UNC345,Itera International Energy LLC and Itera Group NV v. Georgia (ICSID Case No. ARB/09/22) (II),2009,Georgia,United States of America; Netherlands,"Electricity, gas, steam and air conditioning supply","Claims arising out of the alleged restructuring of significant gas debts owed by Georgian state-owned entities to Itera and actions subsequently taken by Georgia that rendered the claimants’ investments valueless, including the bankruptcy proceedings of a chemical fertilizer plant in the city of Rustavi in which Itera had acquired a majority shareholding.",Georgia-United States BIT; Georgia-Netherlands BIT,ICSID,ICSID,,,,,"Order taking note of the discontinuance of the proceeding issued by the Secretary-General dated 19 November 2010, pursuant to Arbitration Rule 43(1)",No,No,Not applicable,Settled,None,Not applicable,Not applicable,Not applicable,Not applicable,Not applicable,Not applicable,None,https://icsid.worldbank.org/apps/ICSIDWEB/cases/Pages/casedetail.aspx?CaseNo=ARB/09/22;http://globalarbitrationreview.com/news/article/19783/georgia-faces-claim-us-energy-company/;http://www.iareporter.com/articles/20101126_6
UNC431,"The Williams Companies, International Holdings B.V., WilPro Energy Services (El Furrial) Limited and WilPro Energy Services (Pigap II) Limited v. Venezuela (ICSID Case No. ARB/11/10)",2011,"Venezuela, Bolivarian Republic of",Netherlands; United Kingdom,"Extraction of crude petroleum and natural gas; Electricity, gas, steam and air conditioning supply","Claims arising out of the Government's termination of claimants' long term agreements entered into with the national oil company PDVSA for gas compression and injection and gas supply in Venezuela, followed by the seizure of their assets under a nationalisation decree and the alleged failure to comply with payment obligations for services rendered before the companies' nationalisation.",Netherlands-Venezuela BIT,ICSID,ICSID,,,,,Not applicable,No,No,Not applicable,Settled,None,Not applicable,Not applicable,Not applicable,Not applicable,Not applicable,Not applicable,None,"https://icsid.worldbank.org/apps/ICSIDWEB/cases/Pages/casedetail.aspx?CaseNo=ARB/11/10&tab=PRO;https://books.google.ch/books?id=RbQq8dQtsQ0C&pg=PA579&lpg=PA579&dq=The+Williams+Companies,+International+Holdings+B.V.,+WilPro+Energy+Services+%28El+Furrial%29+Limited+and+WilPro+Energy+Services+%28Pigap+II%29+Limited+v.+Bolivarian+Republic+of+Venezuela+%28ICSID+Case+No.+ARB/11/10%29&source=bl&ots=8q3wcm1xSg&sig=nf_vnCL3VRggVF7Ar8tJzWGsess&hl=en&sa=X&ei=sgwQVbq_AcK5OI65gdAF&ved=0CCUQ6AEwAQ#v=onepage&q=The%20Williams%20Companies%2C%20International%20Holdings%20B.V.%2C%20WilPro%20Energy%20Services%20(El%20Furrial)%20Limited%20and%20WilPro%20Energy%20Services%20(Pigap%20II)%20Limited%20v.%20Bolivarian%20Republic%20of%20Venezuela%20(ICSID%20Case%20No.%20ARB%2F11%2F10)&f=falsehttp://www.eluniversal.com/economia/120811/pdvsa-alcanza-acuerdo-con-exterran-imp;http://gestion.pe/2012/08/11/empresas/petrolera-pdvsa-anuncio-fin-arbitraje-expropiacion-exterran-2009795http://www.noticias24.com/venezuela/noticia/120689/venezuela-formaliza-acuerdo-amistoso-con-gasifera-estadounidense-expropiada/;http://webcache.googleusercontent.com/search?q=cache:nrRAZhrgPkcJ:https://venezuelanalysis.com/news/6892+&cd=1&hl=en&ct=clnk&gl=ch"
UNC472,"Fábrica de Vidrios Los Andes, C.A. and Owens-Illinois de Venezuela, C.A. v. Venezuela (ICSID Case No. ARB/12/21)",2012,"Venezuela, Bolivarian Republic of",Netherlands,Manufacture of other non-metallic mineral products,Claims arising out of the alleged expropriation of two glass manufacturing companies in which the claimants had invested.,Netherlands-Venezuela BIT,ICSID,ICSID,,,,,Pending,Pending,Pending,Pending,Pending,None,"Shin, H.-T.",Yes,"Fortier, L. Y.",Yes,"Mourre, A.",Yes,http://www.italaw.com/cases/1941,https://icsid.worldbank.org/apps/ICSIDWEB/cases/Pages/casedetail.aspx?CaseNo=ARB/12/21;http://globalarbitrationreview.com/news/article/30792/whos-suing-venezuela-round-up-recent-claims/http://www.iareporter.com/articles/20130221_1
UNC291,Millicom International Operations B.V. and Sentel GSM S.A. v. Senegal (ICSID Case No. ARB/08/20),2008,Senegal,Netherlands,Telecommunications,Claims arising out of the Government's issuance of a decree revoking a 20-year telecommunications license that had been granted to Milicom's local subsidiary Sentel by a previous administration.,Senegal-Netherlands BIT,ICSID,ICSID,,,,,Decision on Jurisdiction of the Arbitral Tribunal dated 16 July 2010;Award embodying the parties' settlement agreement dated 27 November 2012,Yes,No,Not applicable,Settled,None,"Tercier, P.",Yes,"Hobér, K.",Yes,"Abraham, R.",Yes,http://www.italaw.com/cases/705,https://icsid.worldbank.org/apps/ICSIDWEB/cases/Pages/casedetail.aspx?CaseNo=ARB/08/20;http://globalarbitrationreview.com/news/article/14937/millicom-takes-senegal-icsid/;http://globalarbitrationreview.com/news/article/30788/its-good-talk-senegal-settles-telecoms-claim/
UNC457,"Novera AD, Novera Properties B.V. and Novera Properties N.V. v. Bulgaria (ICSID Case No. ARB/12/16)",2012,Bulgaria,Netherlands,"Waste collection, treatment and disposal activities; materials recovery","Claims arising out of the Government's early termination of a 15-year concession to provide waste collection, street cleaning and snow-clearing services in Sofia, Bulgaria, due to alleged health and safety concerns.",Bulgaria-Netherlands BIT (1999),ICSID,ICSID,,,,,Pending,Pending,Pending,Pending,Pending,None,"Townsend, J. M.",Yes,"Schwebel, S. M.",Yes,"Caron, D. D.",Yes,http://www.italaw.com/cases/1656,https://icsid.worldbank.org/apps/ICSIDWEB/cases/Pages/casedetail.aspx?CaseNo=ARB/12/16;http://globalarbitrationreview.com/news/article/29081/icsid-clean-bulgaria-dispute/;http://globalarbitrationreview.com/news/article/30684/waste-management-group-bulgaria-clash-trash/;http://www.iareporter.com/articles/20130102_1
