Case title,code,ID,ResolutionYear,treaty,InvestmentType,Arbitrator1,Arbitrator1President,Arbitrator2,Arbitrator2Claimant,Arbitrator3,Arbitrator3Respondent,amountSought,amountSought_cur,OutcomeStatus,amountAwarded,amountAwarded_cur,Frank-description,italaw,Icsid?,Gus?,Islg?
British Caribbean Bank Ltd. v. The Government of Belize (PCA Case No. 2010-18),,UNC385,2014,BIT,media,Albert Jan van den Berg,YES,John Beechey,YES,Rodrigo Oreamuno Blanco,YES,45100000,USD,,41700000,USD,unknown who appointed whom,http://www.italaw.com/cases/177,,,
White Industries Australia Limited v. The India,,UNC380,2011,BIT,mining,J. William Rowley,YES,Charles Brower,YES,Christopher Lau,YES,8110000,USD,investor,8110000,USD,,http://www.italaw.com/cases/1169,,,
Petrobart Ltd. v. The Kyrgyz Republic (SCC Case No. 126/2003),,UNC128,2007,Energy Charter,oil and gas,Hans Danelius,YES,Ove Bring,YES,Jeroen Smets,YES,DU,,investor,1100000,USD,,http://www.italaw.com/cases/825,,,
"St. Marys VCNA, LLC v. The Government of Canada",,UNC445,2013,NAFTA,quarry,Michael Pryles,YES,Brigitte Stern,YES,Richard Stewart,YES,275000000,USD,settled; no basis for claim,0,,,http://www.italaw.com/cases/1196,,,
Miminco LLC and others v. Democratic the Congo (ICSID Case No. ARB/03/14),,UNC112,2007,BIT,mining,Ahmed El-Kosheri,YES,Marc Lalonde,YES,Catherine Kessedjian,YES,DU,,,,,,http://www.italaw.com/cases/3586,,,
International Thunderbird Gaming Corporation v. The United Mexican States,,UNC092,2006,NAFTA,,Albert Jan van den Berg,YES,Thomas Wälde,YES,Agustín Portal Ariosa,YES,DU,,,,,arb claimant dissents,http://www.italaw.com/cases/571,,,
Canfor Corporation v. USA,,UNC082,2007,NAFTA,forest,Albert Jan van den Berg,YES,Armand de Mestral,YES,Davis Robinson,YES,DU,,,,,merged with 2 other claims,http://www.italaw.com/cases/200,,,
Dunkeld International Investment Limited v. The Government of Belize (PCA Case No. 2010-21) (II),,UNC386,,BIT,,Albert Jan van den Berg,YES,John Beechey,YES,Rodrigo Oreamuno Blanco,YES,DU,,,,,unknown who appointed whom,http://www.italaw.com/cases/362,,,
Quadrant Pacific Growth Fund L.P. and Canasco Holdings Inc. v. Costa Rica (ICSID Case No. ARB(AF)/08/1),,UNC303,2010,BIT,,Alejandro Garro,YES,Andreas Lowenfeld,YES,Bernardo Cremades,YES,DU,,,,,,http://www.italaw.com/cases/883,,,
Erhas and others v. Turkmenistan,,UNC519,,BIT,,Alexis Mourre,YES,Stanimir Alexandrov,YES,Zachary Douglas,YES,DU,,,,,more on http://www.iareporter.com/articles/uncitral-tribunal-will-hear-turkmenistans-argument-that-a-bloc-of-claimants-cant-band-together-to-bring-a-multi-party-bit-claim/,http://www.italaw.com/cases/2360,,,
Charanne B.V. and Construction Investments S.a.r.l. v. Spain,,UNC504,,Energy Charter,energy construction,Alexis Mourre,YES,Guido Santiago Tawil,YES,Claus von Wobeser,YES,DU,,,,,,http://www.italaw.com/cases/2082,,,
Ilya Levitis v. Kyrgyzstan,,UNC505,2013,BIT,banking,Andrew Newcombe,YES,Richard Dewitt,YES,Samuel Wordsworth,YES,DU,,,,,more on http://www.iareporter.com/articles/tribunals-named-in-three-bank-nationalization-claims-vs-kyrgyz-republic-separate-mining-arbitration-sheds-light-on-oxus-settlement/; who appointed whom is unknown,http://www.italaw.com/cases/1904,,,
Mytilineos Holdings SA v. The State Union of Serbia & Montenegro and Serbia (I),,UNC201,2009,BIT,,August Reinisch,YES,Stelios Koussoulis,YES,Dobrosav Mitrović,YES,DU,,arb state dissents from jurisdiction,,,more on http://www.iareporter.com/articles/in-final-uncitral-award-door-left-open-for-greek-company-to-bring-another-bit-claim-against-serbia/,http://www.italaw.com/cases/725,,,
Murphy Exploration & Production Company – International v. The Ecuador (PCA Case No. AA434) (II),,UNC404,,BIT,oil and gas,Bernard Hanotiau,YES,Kaj Hobér,YES,Georges Abi-Saab,YES,DU,,,,,case is connected to earlier ICSID case; earlier arb (Stern) has been disqualified; state-appointed arb dissents,http://www.italaw.com/cases/1198,,,
OAO Gazprom v. The Lithuania,,UNC506,,BIT,olie en oil and gaz,Bruno Simma,YES,Karl-Heinz Böckstiegel,YES,Vaughan Lowe,YES,DU,,,,,more on http://www.iareporter.com/articles/lithuania-claims-round-up-lesser-known-arbitrations-move-forward-alongside-high-profile-gas-unbundling-battles/,http://www.italaw.com/cases/1924,,,
Frontier Petroleum Services Ltd. v. The Czech Republic,,UNC274,2010,BIT,oil and gas,David Williams,YES,Henri Alvarez,YES,Christoph Schreuer,YES,DU,,,,,,http://www.italaw.com/cases/459,,,
South American Silver Limited v. The Plurinational State of Bolivia (PCA Case No. 2013-15),,UNC526,,BIT,mining,Eduardo Zuleta Jaramillo,YES,Francisco Orrego Vicuña,YES,Osvaldo César Guglielmino,YES,DU,,,,,,http://www.italaw.com/cases/2121,,,
Austrian Airlines v. The Slovak Republic,,UNC321,2009,BIT,airlines,Gabrielle Kaufmann-Kohler,YES,Charles Brower,YES,Vojtěch Trapl,YES,DU,,,,,arb claim dissents,http://www.italaw.com/cases/103,,,
"Bosh International, Inc. and B&P, LTD Foreign Investments Enterprise v. United Kingdom (ICSID Case No. ARB/08/11)",,UNC304,2012,BIT,tourism,Gavan Griffith,YES,Philippe Sands,YES,Donald McRae,YES,DU,,,,,respondent state is not UK but Ukraine!!,http://www.italaw.com/cases/1563,,,
William Nagel v. The Czech Republic (SCC Case No. 049/2002),,UNC086,2003,BIT,telecom,Hans Danelius,YES,J. Martin Hunter,YES,Herbert Kronke,YES,DU,,,,,unknown who appointed whom,http://www.italaw.com/cases/728,,,
Compagnie Minière Internationale Or S.A. v. Peru (ICSID Case No. ARB/98/6),,UNC023,,,"Oil, Gas & Mining",Ian BROWNLIE,YES,Henri C. ÁLVAREZ,YES,Keith HIGHET,YES,DU,,,,,,,https://icsid.worldbank.org/apps/icsidweb/cases/Pages/casedetail.aspx?CaseNo=ARB/98/6,,
EnCana Corporation v. Ecuador (LCIA Case No. UN3481),,UNC098,2006,BIT,oil,James Crawford,YES,Horacio Grigera Naón,YES,J. Christopher Thomas,YES,DU,,,,,arb claimant dissents,http://www.italaw.com/cases/393,,,
Peter Franz Vöcklinghaus v. Czech Republic,,UNC302,2011,BIT,land and construction,John Beechey,YES,Bohuslav Klein,YES,Laurent Lévy,YES,DU,,,,,,http://www.italaw.com/cases/1445,,,
France Telecom v. Lebanon,,UNC073,2005,BIT,telecom,Marc Lalonde,YES,Bernard Audit,YES,Antoine Akl,YES,DU,,investor,,,unknown who appointed whom,http://www.italaw.com/cases/452,,,
USA Steel Global Holdings I B.V. v. The Slovak Republic (PCA Case No. 2013-6),,UNC514,,,steel plant,Michael Reisman,YES,James Crawford,YES,Robert Volterra,YES,DU,,,,,unknown who appointed whom,http://www.italaw.com/cases/1903,,,
Glamis Gold Ltd. v. USA,,UNC100,2009,nafta,mining,Michael Young,YES,Kenneth Hubbard,YES,David Caron,YES,DU,,,,,,http://www.italaw.com/cases/487,,,
Michael McKenzie v. Vietnam,,UNC384,2013,BIT,,Neil Kaplan,YES,John Gotanda,YES,Campbell McLachlan,YES,DU,,,,,More on http://www.iareporter.com/articles/vietnam-wins-treaty-arbitration-with-us-investor-a-second-treaty-claim-heads-to-hearings-this-year/,http://www.italaw.com/cases/2370,,,
"Houston Industries Energy, Inc. and others v. Argentine Republic (ICSID Case No. ARB/98/1)",,UNC027,1998,BIT,Electric Power & Other Energy,Piero BERNARDINI,YES,Santiago TORRES BERNÁRDEZ,YES,Albert Jan VAN DEN BERG,YES,DU,,investor,,,,,https://icsid.worldbank.org/apps/icsidweb/cases/Pages/casedetail.aspx?CaseNo=ARB/98/1,,
Apotex Inc. v. USA (ICSID Case No. UNCT/10/2) (I),,UNC310,2013,NAFTA,pharmaceutics,Toby LANDAU,YES,Fern M. SMITH,YES,Clifford M. DAVIDSON,YES,DU,,,,,,0,https://icsid.worldbank.org/apps/icsidweb/cases/Pages/casedetail.aspx?CaseNo=UNCT/10/2,,
Chevron Corporation and Texaco Petroleum Company v. The Ecuador (PCA Case No. 2009-23) (II),,UNC342,,BIT,oil and gas,V.V. Veeder,YES,Horacio Grigera Naón,YES,Vaughan Lowe,YES,DU,,,,,,http://www.italaw.com/cases/257,,,
RECOFI v. Vietnam,,UNC556,,BIT,,,,Stanimir Alexandrov,,John Christopher Thomas,,DU,,,,,more on http://www.iareporter.com/articles/as-vietnam-explores-collection-of-costs-award-against-unsuccessful-investor-another-claimant-sticks-its-head-above-the-parapet/,http://www.italaw.com/cases/2404,,,
Voltaic Network GmbH v. The Czech Republic,,UNC532,,"BIT, Energy Charter",solar energy,,,,,,,DU,,,,,,http://www.italaw.com/cases/2515,,,
Lee John Beck and Central Asian Development Corporation v. Kyrgyz Republic,,UNC546,,Moscow Convention for the Protection of Investors Rights,,,,,,,,DU,,,,,info only in Russian,http://www.italaw.com/cases/2637,,,
OKKV (OKKB) and others v. Kyrgyz Republic,,UNC545,,Moscow Convention for the Protection of Investors Rights,,,,,,,,DU,,,,,info only in Russian,http://www.italaw.com/cases/2640,,,
Windstream Energy LLC v. The Government of Canada,,UNC515,,NAFTA,,Veijo Heiskanen,YES,Bernardo Cremades,YES,R. Doak Bishop,YES,350000000,USD,,,,unknown who appointed whom,http://www.italaw.com/cases/1585,,,
"Melvin J. Howard, Centurion Health Corp. & Howard Family Trust v. The Government of Canada (PCA Case No. 2009-21)",,UNC328,2010,NAFTA,construction,Peter Tomka,YES,Marjorie Florestal,YES,Henri Alvarez,YES,160000000,USD,discontinued because claimants haven't fulfilled financial obligations,,,,http://www.italaw.com/cases/541,,,
Stans Energy Corp. v. Kyrgyz Republic,,UNC508,2013,Moscow Convention for the Protection of Investors Rights,mining,,,,,,,117000000,USD,,,,,0,,1,1
"David R. Aven, Samuel D. Aven, Carolyn J. Park, Eric A. Park, Jeffrey S. Shioleno, Giacomo A. Buscemi, David A. Janney and Roger Raguso v. The Costa Rica",,UNC573,,CAFTA-DR,tourism,,,,,,,70000000,USD,,,,,http://www.italaw.com/cases/2959,,,
"Ulysseas, Inc. v. The Ecuador (PCA No. 2009-19)",,UNC356,2012,BIT,electricity sector,Piero Bernardini,YES,Michael Pryles,YES,Brigitte Stern,YES,57000000,USD,,,,,http://www.italaw.com/cases/1132,,,
Spence International Investments et al. v. Costa Rica (ICSID Case No. UNCT/13/2),,UNC564,,CAFTA,tourism,Daniel Bethlehem,YES,Mark Kantor,YES,Raúl Vinuesa,YES,49000000,USD,,,,,http://www.italaw.com/cases/2110,,,
Serafín García Armas and Karina García Gruber v. The Venezuela (PCA Case No. 2013-3),,UNC478,,BIT,food,Eduardo Grebler,YES,Guido Santiago Tawil,YES,Rodrigo Oreamuno Blanco,YES,40000000,USD,,,,,http://www.italaw.com/cases/2869,,,
ICS Inspection and Control Services Limited v. The Argentine Republic (PCA Case No. 2010-9),,UNC364,2012,BIT,export control,Pierre-Marie Dupuy,YES,Marc Lalonde,YES,Santiago Torres Bernárdez,YES,25000000,USD,no jurisdiction,,,,http://www.italaw.com/cases/551,,,
State Enterprise Energorynok v. the Moldova (SCC Case No. 2012/175),,UNC466,2015,Energy Charter,"Electricity, gas, steam and air conditioning supply - See more at: http://www.italaw.com/cases/3251#sthash.kNOmqCgN.dpuf",Nancy B. Turck,YES,Joseph Tirado,YES,Rolf Knieper,YES,1700000,USD,,,,,http://www.italaw.com/cases/3251,,,
Yuri Bogdanov and Yulia Bogdanova v. Moldova (SCC Case No. V091/2012) (IV),,UNC473,2013,BIT,,Bengt Sjövall,,,,,,75000,USD,,,,,http://www.italaw.com/cases/2634,,,
Yury Bogdanov v. Moldova (SCC Case No. V (114/2009)) (III),,UNC344,2010,BIT,,Bo Nilsson,,,,,,53000,USD,,,,,http://www.italaw.com/cases/169,,,
Dunkeld International Investment Limited v. The Government of Belize (PCA Case No. 2010-13) (I),,UNC347,,,media,Albert Jan van den Berg,,,,,,,,,,,,http://www.italaw.com/cases/361,,,
Alps Finance and Trade AG v. The Slovak Republic,,UNC299,,,,Antonio Crivellaro,YES,Bohuslav Klein,YES,Hans Stuber,YES,,,,,,unknown who appointed whom,0,,1,1
E.T.I. Euro Telecom International N.V. v. Bolivia (II),,UNC350,2009,BIT,telecom,Bruno Simma,YES,Francisco Orrego Vicuña,YES,Philippe Sands,YES,,,,,,,http://www.italaw.com/cases/3648,,,
Philippe Gruslin v. Malaysia (ICSID Case No. ARB/99/3) (II),,UNC037,,BIT,,Gavan Griffith,,,,,,,,,,,,http://www.italaw.com/cases/515,,,
Achmea B.V. v. The Slovak Republic (PCA Case No. 2013-12) (II),,UNC521,,BIT,,Laurent Lévy,YES,Pierre-Marie Dupuy,YES,John Beechey,YES,,,,,,,http://www.italaw.com/cases/2564,,,
Apotex Inc. v. The Government of the USA (II),,UNC354,2012,NAFTA,pharmaceutics,V.V. VEEDER,YES,J. William ROWLEY,YES,John R. CROOK,YES,,,,,,,0,https://icsid.worldbank.org/apps/icsidweb/cases/Pages/casedetail.aspx?CaseNo=ARB(AF)/12/1,,
Telekom Malaysia Berhad v. The Ghana,,UNC114,2004,BIT,telecom,,,,,,,,,,,,"Ghana complains that Gaillard is not impartial, but judge The Hague dismisses complaint",http://www.italaw.com/cases/1091,,,
Mr. Nedjeljko Ulemek v. Croatia,,UNC138,2008,,,,,,,,,,,,,,,http://www.italaw.com/cases/1130,,,
Compagnie International de Maintenance (CIM) v. Ethiopia,,UNC288,2009,BIT,,,,,,,,,,,,,more on http://www.iareporter.com/articles/ethiopia-prevailed-in-face-of-foreign-investors-attempt-to-use-investment-treaty-to-sue-over-icc-arbitral-award/,http://www.italaw.com/cases/1177,,,
Georg Nepolsky v. Czech Republic,,UNC306,2010,BIT,water,,,,,,,,,,,,"discontinued for absence of funds, see http://www.iareporter.com/articles/water-extraction-claim-dries-up-in-absence-of-funds-claimant-ordered-to-cover-half-of-states-expenses-in-uncitral-arbitration/",http://www.italaw.com/cases/743,,,
Kaliningrad Region v. Lithuania,,UNC270,2010,BIT,,,,,,,,,,,,,,http://www.italaw.com/cases/593,,,
Cesare Galdabini SpA v. Russia,,UNC367,2011,BIT,,,,,,,,,,,,,more on http://www.iareporter.com/articles/20111114_3,http://www.italaw.com/cases/236,,,
Remington Worldwide Limited v. United Kingdom,,UNC300,2011,Energy Charter,,,,,,,,,,,,,respondent state is not UK but Ukraine!!,http://www.italaw.com/cases/903,,,
Dow AgroSciences LLC v. Government of Canada,,UNC346,2011,,"agriculture, forestry and fishing",,,,,,,,,,,,,http://www.italaw.com/cases/3407,,,
"iZee Enterprises LLC, Lazer-2 Tbilisi Ltd., and Cafe Rustaveli Ltd. v. Georgia",,UNC292,2012,BIT,,,,,,,,,,,,,more on http://www.iareporter.com/articles/in-lead-up-to-election-republic-of-georgia-lost-one-investor-arbitration-and-settled-another/,http://www.italaw.com/cases/1581,,,
Alimenta S.A. v. The Gambia (ICSID Case No. ARB/99/5),,UNC031,,BIT,,,,,,,,,,,,,,http://www.italaw.com/cases/3494,,,
WA Investments-Europa Nova Limited v. The Czech Republic,,UNC530,,Energy Charter,solar energy,,,,,,,,,,,,,0,,1,0
Photovoltaik Knopf Betriebs-GmbH v. The Czech Republic,,UNC531,,Energy Charter,solar energy,,,,,,,,,,,,,0,,0,0
"Natland Investment Group NV, Natland Group Limited, G.I.H.G. Limited, and Radiance Energy Holding S.A.R.L. v. Czech Republic",,UNC557,,Energy Charter,solar energy,,,,,,,,,,,,,0,,1,0
Antaris Solar GmbH and Dr. Michael Göde v. The Czech Republic,,UNC560,,Energy Charter,solar energy,,,,,,,,,,,,,0,,1,0
"Mr. Jürgen Wirtgen, Mr. Stefan Wirtgen, and JSW Solar (zwei) GmbH & Co.KG v. Czech Republic",,UNC561,,Energy Charter,solar energy,,,,,,,,,,,,,0,,1,0
Isolux Infrastructure Netherlands B.V. v. Kingdom of Spain,,UNC566,,Energy Charter,solar energy,,,,,,,,,,,,,0,,1,0
ČEZ v. The Albania,,UNC524,,Energy Charter,,,,,,,,,,,,,more on http://www.iareporter.com/articles/albania-fends-off-one-claim-by-sky-petroleum-but-now-faces-an-investment-treaty-arbitration-by-czech-company-cez/,http://www.italaw.com/cases/2070,,,
CSP Equity Investment Sarl v. Kingdom of Spain,,UNC517,,Energy Charter,,,,,,,,,,,,,,http://www.italaw.com/cases/2303,,,
CANACAR v. The USA,,UNC349,,NAFTA,transportation and storage,,,,,,,,,,,,,http://www.italaw.com/cases/3443,,,
"J.M. Longyear, LLC v. Government of Canada",,UNC572,,,,,,,,,,,,,,,claim withdrawn,http://www.italaw.com/cases/2581,,,
P.F. Vöcklinghaus v. Czech Republic,,UNC368,,,,,,,,,,,,,,,connected to UNC302,no,,1,0
Ascom S.A v. Kazahkstan,,UNC403,,,,,,,,,,,,,,,connected to UNC381,0,,0,0
Veteran Petroleum Limited v. The Russia (PCA Case No. AA 228),,UNC212,,,,,,,,,,,,,,,"part of Yukos case, see UNC214",http://www.italaw.com/cases/1151,,,
Terminal Forest Products Ltd. v. USA,,UNC143,,,,,,,,,,,,,,,see UNC082,http://www.italaw.com/cases/200,,,
Tembec Inc. et al. v. USA,,UNC144,,,,,,,,,,,,,,,see UNC082,http://www.italaw.com/cases/200,,,
Empresa Nacional de Electricidad S.A. v. Argentine Republic (ICSID Case No. ARB/99/4),ARB/99/4),UNC034,,,,,,,,,,,,,,,,0,1,1,
Kenex Ltd. v. USA,,UNC089,,,,,,,,,,,,,,,,0,,1,0
"Bechtel Enterprises Holdings, Inc. and GE Structured Finance (GESF) v. The Government of India",,UNC104,,,,,,,,,,,,,,,,0,,0,0
"Contractual Obligation Productions, LLC, Charles Robert Underwood & Carl Paolino v. Government of Canada",,UNC164,,,,,,,,,,,,,,,,0,,0,0
GL Farms LLC and Carl Adams v. Government of Canada,,UNC233,,,,,,,,,,,,,,,,0,,1,0
Merrill & Ring Forestry L.P. v. The Government of Canada,,UNC236,,,,,,,,,,,,,,,,0,,1,0
GEM Equity Management AG v. Kazakhstan,,UNC332,,,,,,,,,,,,,,,,0,,0,0
Globalnet - Únete Telecomunicaciones S.A. and Clay Pacific S.R.L. v. The Ecuador,,UNC333,,,,,,,,,,,,,,,,0,,0,0
"Oiltanking GmbH, Graña Montero S.A. and Graña Montero S.A.A. v. Bolivia",,UNC371,,,,,,,,,,,,,,,,0,,0,0
William Jay Greiner and Malbaie River Outfitters Inc. v. Government of Canada,,UNC374,,,,,,,,,,,,,,,,0,,1,0
Zamora Gold Corporation v. Ecuador,,UNC408,,,,,,,,,,,,,,,,0,,0,0
Dialasie SAS v. Socialist Vietnam,,UNC426,,,,,,,,,,,,,,,,0,,0,0
Abertis Infraestructuras S.A. v. Government of Bolivia,,UNC433,,,,,,,,,,,,,,,,0,,0,0
Valeri Belokon v. Kyrgyz Republic,,UNC436,,,,,,,,,,,,,,,,0,,0,0
The PV Investors v. Spain,,UNC438,,,,,,,,,,,,,,,,0,,1,0
I.C.W. Europe Investments Limited v. The Czech Republic,,UNC533,,,,,,,,,,,,,,,,0,,1,0
A11Y Ltd. v. The Czech Republic,,UNC580,,,,,,,,,,,,,,,,0,,1,0
Red Eléctrica Internacional S.A.U. v. Plurinational State of Bolivia,,UNC585,,,,,,,,,,,,,,,,0,,0,0
"Anglia Auto Accessories, Ivan Peter Busta and Jan Peter Busta v. The Czech Republic",,UNC590,,,,,,,,,,,,,,,,0,,0,0
Louis Dreyfus Armateurs SAS v. The India,,UNC602,,,,,,,,,,,,,,,,0,,1,0
Ayoub-Farid Saab and Fadi Saab v. Cyprus,,UNC606,,,,,,,,,,,,,,,,0,,0,0
Chevron Corporation and Texaco Petroleum Company v. The Ecuador (PCA Case No. 34877),,UNC243,,,,,,,,,,,,,,,,http://www.italaw.com/cases/251,,,
Mobil Argentina S.A. v. Argentine Republic (ICSID Case No. ARB/99/1),ARB/99/1),UNC038,,,,,,,,,,,,,,,,,1,,
Antoine Goetz and others v. Burundi (ICSID Case No. ARB/01/2) (II),ARB/01/2) (II),UNC059,,,,,,,,,,,,,,,,,1,,
Impregilo S.p.A. v. Islamic Pakistan (ICSID Case No. ARB/02/2) (I),ARB/02/2) (I),UNC091,,,,,,,,,,,,,,,,,1,,
Unisys Corporation v. Argentine Republic (ICSID Case No. ARB/03/27),ARB/03/27),UNC101,,,,,,,,,,,,,,,,,1,,
Impregilo S.p.A. v. Islamic Pakistan (ICSID Case No. ARB/03/3) (II),ARB/03/3) (II),UNC113,,,,,,,,,,,,,,,,,1,,
Azurix Corp. v. Argentine Republic (ICSID Case No. ARB/03/30),ARB/03/30),UNC115,,,,,,,,,,,,,,,,,1,,
Camuzzi International S.A. v. Argentine Republic (ICSID Case No. ARB/03/2) (I),ARB/03/2) (I),UNC116,,,,,,,,,,,,,,,,,1,,
Ed. Züblin AG v. Kingdom of Saudi Arabia (ICSID Case No. ARB/03/01),ARB/03/01),UNC123,,,,,,,,,,,,,,,,,1,,
Inceysa Vallisoletana S.L. v. El Salvador (ICSID Case No. ARB/03/26),ARB/03/26),UNC134,,,,,,,,,,,,,,,,,1,,
Joy Mining Machinery Limited v. Arab Egypt (ICSID Case No. ARB/03/11),ARB/03/11),UNC135,,,,,,,,,,,,,,,,,1,,
CIT Group Inc. v. Argentine Republic (ICSID Case No. ARB/04/9),ARB/04/9),UNC176,,,,,,,,,,,,,,,,,1,,
Wintershall Aktiengesellschaft v. Argentine Republic (ICSID Case No. ARB/04/14),ARB/04/14),UNC177,,,,,,,,,,,,,,,,,1,,
Asset Recovery Trust S.A. v. Argentine Republic (ICSID Case No. ARB/05/11),ARB/05/11),UNC188,,,,,,,,,,,,,,,,,1,,
Helnan International Hotels A/S v. Arab Egypt (ICSID Case No. ARB/05/19),ARB/05/19),UNC192,,,,,,,,,,,,,,,,,1,,
Hrvatska Elektropriveda d.d. v. Slovenia (ICSID Case No. ARB/05/24),ARB/05/24),UNC209,,,,,,,,,,,,,,,,,1,,
Sistem Mühendislik Inşaat Sanayi ve Ticaret A.Ş. v. Kyrgyz Republic (ICSID Case No. ARB(AF)/06/1),ARB(AF)/06/1),UNC223,,,,,,,,,,,,,,,,,1,,
"Quiborax S.A., Non-Metallic Minerals S.A. v. Plurinational State of Bolivia (ICSID Case No. ARB/06/2)",ARB/06/2),UNC238,,,,,,,,,,,,,,,,,1,,
"Nations Energy, Inc. and others v. Panama (ICSID Case No. ARB/06/19)",ARB/06/19),UNC244,,,,,,,,,,,,,,,,,1,,
Joseph Charles Lemire v. United Kingdom (ICSID Case No. ARB/06/18),ARB/06/18),UNC245,,,,,,,,,,,,,,,,,1,,
Alpha Projektholding GmbH v. United Kingdom (ICSID Case No. ARB/07/16),ARB/07/16),UNC247,,,,,,,,,,,,,,,,,1,,
Railroad Development Corporation (RDC) v. Guatemala (ICSID Case No. ARB/07/23),ARB/07/23),UNC248,,,,,,,,,,,,,,,,,1,,
Tza Yap Shum v. Peru (ICSID Case No. ARB/07/6),ARB/07/6),UNC256,,,,,,,,,,,,,,,,,1,,
SGS Société Générale de Surveillance S.A. v. Paraguay (ICSID Case No. ARB/07/29),ARB/07/29),UNC257,,,,,,,,,,,,,,,,,1,,
Toto Costruzioni Generali S.p.A. v. Lebanon (ICSID Case No. ARB/07/12),ARB/07/12),UNC265,,,,,,,,,,,,,,,,,1,,
Impregilo S.p.A. v. Argentine Republic (ICSID Case No. ARB/07/17) (I),ARB/07/17) (I),UNC276,,,,,,,,,,,,,,,,,1,,
Giovanni Alemanni and others v. Argentine Republic (ICSID Case No. ARB/07/8),ARB/07/8),UNC282,,,,,,,,,,,,,,,,,1,,
ALAS International BaustoffprodUnited Kingdomtions AG v. Bosnia and Herzegovina (ICSID Case No. ARB/07/11),ARB/07/11),UNC286,,,,,,,,,,,,,,,,,1,,
Alasdair Ross Anderson and others v. Costa Rica (ICSID Case No. ARB(AF)/07/3),ARB(AF)/07/3),UNC287,,,,,,,,,,,,,,,,,1,,
Marion Unglaube v. Costa Rica (ICSID Case No. ARB/08/1),ARB/08/1),UNC293,,,,,,,,,,,,,,,,,1,,
Inmaris Perestroika Sailing Maritime Services GmbH and others v. United Kingdom (ICSID Case No. ARB/08/8),ARB/08/8),UNC294,,,,,,,,,,,,,,,,,1,,
Participaciones Inversiones Portuarias SARL v. Gabonese Republic (ICSID Case No. ARB/08/17),ARB/08/17),UNC312,,,,,,,,,,,,,,,,,1,,
GEA Group Aktiengesellschaft v. United Kingdom (ICSID Case No. ARB/08/16),ARB/08/16),UNC314,,,,,,,,,,,,,,,,,1,,
Itera International Energy LLC and Itera Group NV v. Georgia (ICSID Case No. ARB/08/7),ARB/08/7),UNC315,,,,,,,,,,,,,,,,,1,,
TRACO Deutsche Travertin Werke GmbH v. The Poland,#N/A,UNC316,,,,,,,,,,,,,,,,,1,,
Ambiente Ufficio S.p.A. and others (formerly Giordano Alpi and others) v. Argentine Republic (ICSID Case No. ARB/08/9),ARB/08/9),UNC320,,,,,,,,,,,,,,,,,1,,
Malicorp Limited v. Arab Egypt (ICSID Case No. ARB/08/18),ARB/08/18),UNC322,,,,,,,,,,,,,,,,,1,,
Reinhard Hans Unglaube v. Costa Rica (ICSID Case No. ARB/09/20),ARB/09/20),UNC331,,,,,,,,,,,,,,,,,1,,
Deutsche Bank AG v. Democratic Socialist Sri Lanka (ICSID Case No. ARB/09/2),ARB/09/2),UNC338,,,,,,,,,,,,,,,,,1,,
MTN (Dubai) Limited and MTN Yemen for Mobile Telephones v. Yemen (ICSID Case No. ARB/09/7),ARB/09/7),UNC341,,,,,,,,,,,,,,,,,1,,
Adem Dogan v. Turkmenistan (ICSID Case No. ARB/09/9),ARB/09/9),UNC351,,,,,,,,,,,,,,,,,1,,
"Abengoa, S.A. y COFIDES, S.A. v. United Mexican States (ICSID Case No. ARB(AF)/09/2)",ARB(AF)/09/2),UNC353,,,,,,,,,,,,,,,,,1,,
"Commerce Group Corp. and San Sebastian Gold Mines, Inc. v. El Salvador (ICSID Case No. ARB/09/17)",ARB/09/17),UNC360,,,,,,,,,,,,,,,,,1,,
"Global Trading Resource Corp. and Globex International, Inc. v. United Kingdom (ICSID Case No. ARB/09/11)",ARB/09/11),UNC363,,,,,,,,,,,,,,,,,1,,
"UAB ""ARVI"" ir ko and UAB ""SANITEX"" v. Serbia (ICSID Case No. ARB/09/21)",ARB/09/21),UNC366,,,,,,,,,,,,,,,,,1,,
Renée Rose Levy de Levi v. Peru (ICSID Case No. ARB/10/17),ARB/10/17),UNC377,,,,,,,,,,,,,,,,,1,,
David Minnotte and Robert Lewis v. Poland (ICSID Case No. ARB(AF)/10/1),ARB(AF)/10/1),UNC390,,,,,,,,,,,,,,,,,1,,
Ömer Dede and Serdar Elhüseyni v. Romania (ICSID Case No. ARB/10/22),ARB/10/22),UNC391,,,,,,,,,,,,,,,,,1,,
Mamidoil Jetoil Greek Petroleum Products Societe Anonyme S.A. v. Albania (ICSID Case No. ARB/11/24),ARB/11/24),UNC405,,,,,,,,,,,,,,,,,1,,
Burimi SRL and Eagle Games SH.A v. Albania (ICSID Case No. ARB/11/18),ARB/11/18),UNC412,,,,,,,,,,,,,,,,,1,,
Mr. Franck Charles Arif v. Moldova (ICSID Case No. ARB/11/23),ARB/11/23),UNC416,,,,,,,,,,,,,,,,,1,,
Tenaris S.A. and Talta - Trading e Marketing Sociedade Unipessoal Lda v. Venezuela (ICSID Case No. ARB/11/26) (I),ARB/11/26) (I),UNC421,,,,,,,,,,,,,,,,,1,,
Ekran Berhad v. China (ICSID Case No. ARB/11/15),ARB/11/15),UNC430,,,,,,,,,,,,,,,,,1,,
Accession Eastern Europe Capital AB and Mezzanine Management Sweden AB v. Bulgaria (ICSID Case No. ARB/11/3),ARB/11/3),UNC432,,,,,,,,,,,,,,,,,1,,
Fraport AG Frankfurt Airport Services Worldwide v. the Philippines (ICSID Case No. ARB/11/12) (II),ARB/11/12) (II),UNC448,,,,,,,,,,,,,,,,,1,,
Nova Scotia Power Incorporated v. Venezuela (ICSID Case No. ARB(AF)/11/1) (II),ARB(AF)/11/1) (II),UNC449,,,,,,,,,,,,,,,,,1,,
"Novera AD, Novera Properties B.V. and Novera Properties N.V. v. Bulgaria (ICSID Case No. ARB/12/16)",ARB/12/16),UNC457,,,,,,,,,,,,,,,,,1,,
Accession Mezzanine Capital L.P. and Danubius Kereskedöház Vagyonkezelö Zrt. v. Hungary (ICSID Case No. ARB/12/3),ARB/12/3),UNC461,,,,,,,,,,,,,,,,,1,,
Dan Cake (Portugal) S.A. v. Hungary (ICSID Case No. ARB/12/9),ARB/12/9),UNC467,,,,,,,,,,,,,,,,,1,,
Blue Bank International & Trust (Barbados) Ltd. v. Venezuela (ICSID Case No. ARB/12/20),ARB/12/20),UNC470,,,,,,,,,,,,,,,,,1,,
Gelsenwasser AG v. Algeria (ICSID Case No. ARB/12/32),ARB/12/32),UNC474,,,,,,,,,,,,,,,,,1,,
Bidzina Ivanishvili v. Georgia (ICSID Case No. ARB/12/27),ARB/12/27),UNC476,,,,,,,,,,,,,,,,,1,,
"Inversión y Gestión de Bienes, IGB, S.L. and IGB18 Las Rozas, S.L. v. Kingdom of Spain (ICSID Case No. ARB/12/17)",ARB/12/17),UNC477,,,,,,,,,,,,,,,,,1,,
Telefónica S.A. v. United Mexican States (ICSID Case No. ARB(AF)/12/4),ARB(AF)/12/4),UNC479,,,,,,,,,,,,,,,,,1,,
UAB E energija (Lithuania) v. Latvia (ICSID Case No. ARB/12/33),ARB/12/33),UNC480,,,,,,,,,,,,,,,,,1,,
Marco Gavazzi and Stefano Gavazzi v. Romania (ICSID Case No. ARB/12/25),ARB/12/25),UNC481,,,,,,,,,,,,,,,,,1,,
Tenaris S.A. and Talta - Trading e Marketing Sociedade Unipessoal Lda. v. Venezuela (ICSID Case No. ARB/12/23) (I),ARB/12/23) (I),UNC490,,,,,,,,,,,,,,,,,1,,
MNSS B.V. and Recupero Credito Acciaio N.V v. Montenegro (ICSID Case No. ARB(AF)/12/8),ARB(AF)/12/8),UNC496,,,,,,,,,,,,,,,,,1,,
"Emmis International Holding, B.V., Emmis Radio Operating, B.V., MEM Magyar Electronic Media Kereskedelmi és Szolgáltató Kft. v. Hungary (ICSID Case No. ARB/12/2)",ARB/12/2),UNC500,,,,,,,,,,,,,,,,,1,,
Valle Verde Sociedad Financiera S.L. v. Venezuela (ICSID Case No. ARB/12/18),ARB/12/18),UNC502,,,,,,,,,,,,,,,,,1,,
Grupo Francisco Hernando Contreras v. Equatorial Guinea (ICSID Case No. ARB(AF)/12/2),ARB(AF)/12/2),UNC503,,,,,,,,,,,,,,,,,1,,
Eli Lilly and Company v. Canada (ICSID Case No. UNCT/14/2),#N/A,UNC509,,,,,,,,,,,,,,,,,1,,
Le Chèque Déjeuner and C.D Holding Internationale v. Hungary (ICSID Case No. ARB/13/35),ARB/13/35),UNC510,,,,,,,,,,,,,,,,,1,,
"Cemusa - Corporación Europea de Mobiliario Urbano, S.A. and Corporación Americana de Equipamientos Urbanos, S.L. v. United Mexican States (ICSID Case No. ARB(AF)/13/2)",ARB(AF)/13/2),UNC511,,,,,,,,,,,,,,,,,1,,
Erbil Serter v. French Republic (ICSID Case No. ARB/13/22),ARB/13/22),UNC512,,,,,,,,,,,,,,,,,1,,
"Utsch M.O.V.E.R.S. International GmbH, Erich Utsch Aktiengesellschaft, and Mr. Helmut Jungbluth v. Arab Egypt (ICSID Case No. ARB/13/37)",ARB/13/37),UNC513,,,,,,,,,,,,,,,,,1,,
"Valores Mundiales, S.L. and Consorcio Andino S.L. v. Bolivarian Venzuela (ICSID Case No. ARB/13/11)",ARB/13/11),UNC518,,,,,,,,,,,,,,,,,1,,
EVN AG v. Bulgaria (ICSID Case No. ARB/13/17),ARB/13/17),UNC520,,,,,,,,,,,,,,,,,1,,
Güneş Tekstil Konfeksiyon Sanayi ve Ticaret Limited Şirketi and others v. Uzbekistan (ICSID Case No. ARB/13/19),ARB/13/19),UNC525,,,,,,,,,,,,,,,,,1,,
ASA International S.p.A. v. Arab Egypt (ICSID Case No. ARB/13/23),ARB/13/23),UNC527,,,,,,,,,,,,,,,,,1,,
Cervin Investissements S.A. and Rhone Investissements S.A. v. Costa Rica (ICSID Case No. ARB/13/2),ARB/13/2),UNC528,,,,,,,,,,,,,,,,,1,,
"Fouad Alghanim & Sons Co. for General Trading & Contracting, W.L.L. and Mr. Fouad Mohammed Thunyan Alghanim v. Hashemite Kingdom of Jordan (ICSID Case No. ARB/13/38)",ARB/13/38),UNC529,,,,,,,,,,,,,,,,,1,,
"Lieven J. van Riet, Chantal C. van Riet and Christopher van Riet v. Croatia (ICSID Case No. ARB/13/12)",ARB/13/12),UNC534,,,,,,,,,,,,,,,,,1,,
Vladislav Kim and others v. Uzbekistan (ICSID Case No. ARB/13/6),ARB/13/6),UNC535,,,,,,,,,,,,,,,,,1,,
"KBR, Inc. v. United Mexican States (ICSID Case. No. UNCT/14/1)",#N/A,UNC536,,,,,,,,,,,,,,,,,1,,
Eiser Infrastructure Limited and Energía Solar Luxembourg S.à r.l. v. Kingdom of Spain (ICSID Case No. ARB/13/36),ARB/13/36),UNC537,,,,,,,,,,,,,,,,,1,,
RREEF Infrastructure (G.P.) Limited and RREEF Pan-European Infrastructure Two Lux S.à r.l. v. Kingdom of Spain (ICSID Case No. ARB/13/30),ARB/13/30),UNC538,,,,,,,,,,,,,,,,,1,,
"Transglobal Green Energy, LLC and Transglobal Green Panama, S.A. v. Panama (ICSID Case No. ARB/13/28)",ARB/13/28),UNC539,,,,,,,,,,,,,,,,,1,,
Courts (Indian Ocean) Limited and Courts Madagascar S.A.R.L. v. Madagascar (ICSID Case No. ARB/13/34),ARB/13/34),UNC540,,,,,,,,,,,,,,,,,1,,
Cementos La Union S.A. and Aridos Jativa S.L.U v. Arab Egypt (ICSID Case No. ARB/13/29),ARB/13/29),UNC542,,,,,,,,,,,,,,,,,1,,
Consolidated Exploration Holdings Ltd. and others v. Kyrgyz Republic (ICSID Case No. ARB(AF)/13/1),ARB(AF)/13/1),UNC543,,,,,,,,,,,,,,,,,1,,
Ossama Al Sharif v. Arab Egypt (ICSID Case No. ARB/13/5) (III),ARB/13/5) (III),UNC544,,,,,,,,,,,,,,,,,1,,
"Spentex Netherlands, B.V. v. Uzbekistan (ICSID Case No. ARB/13/26)",ARB/13/26),UNC547,,,,,,,,,,,,,,,,,1,,
Joseph Houben v. Burundi (ICSID Case No. ARB/13/7),ARB/13/7),UNC548,,,,,,,,,,,,,,,,,1,,
Lone Pine Resources Inc. v. Canada (ICSID Case No. UNCT/15/2),#N/A,UNC549,,,,,,,,,,,,,,,,,1,,
Ossama Al Sharif v. Arab Egypt (ICSID Case No. ARB/13/4) (II),ARB/13/4) (II),UNC551,,,,,,,,,,,,,,,,,1,,
"Poštová banka, a.s. and ISTROKAPITAL SE v. Hellenic Republic (ICSID Case No. ARB/13/8)",ARB/13/8),UNC553,,,,,,,,,,,,,,,,,1,,
"Impresa Grassetto S.p.A., in liquidation v. Slovenia (ICSID Case No. ARB/13/10)",ARB/13/10),UNC554,,,,,,,,,,,,,,,,,1,,
Antin Infrastructure Services Luxembourg S.à.r.l. and Antin Energia Termosolar B.V. v. Kingdom of Spain (ICSID Case No. ARB/13/31),ARB/13/31),UNC558,,,,,,,,,,,,,,,,,1,,
Ossama Al Sharif v. Arab Egypt (ICSID Case No. ARB/13/3) (I),ARB/13/3) (I),UNC559,,,,,,,,,,,,,,,,,1,,
Federal Elektrik Yatırım ve Ticaret A.Ş. and others v. Uzbekistan (ICSID Case No. ARB/13/9),ARB/13/9),UNC563,,,,,,,,,,,,,,,,,1,,
Edenred S.A. v. Hungary (ICSID Case No. ARB/13/21),ARB/13/21),UNC565,,,,,,,,,,,,,,,,,1,,
VICAT v. Senegal (ICSID Case No. ARB/14/19),ARB/14/19),UNC567,,,,,,,,,,,,,,,,,1,,
NextEra Energy Global Holdings B.V. and NextEra Energy Spain Holdings B.V. v. Kingdom of Spain (ICSID Case No. ARB/14/11),ARB/14/11),UNC568,,,,,,,,,,,,,,,,,1,,
"Unión Fenosa Gas, S.A. v. Arab Egypt (ICSID Case No. ARB/14/4)",ARB/14/4),UNC569,,,,,,,,,,,,,,,,,1,,
Alpiq AG v. Romania (ICSID Case No. ARB/14/28),ARB/14/28),UNC570,,,,,,,,,,,,,,,,,1,,
"Ioan Micula, Viorel Micula and others v. Romania (ICSID Case No. ARB/14/29) (II)",ARB/14/29) (II),UNC571,,,,,,,,,,,,,,,,,1,,
Beijing Urban Construction Group Co. Ltd. v. Yemen (ICSID Case No. ARB/14/30),ARB/14/30),UNC575,,,,,,,,,,,,,,,,,1,,
InfraRed Environmental Infrastructure GP Limited and others v. Kingdom of Spain (ICSID Case No. ARB/14/12),ARB/14/12),UNC576,,,,,,,,,,,,,,,,,1,,
"Blusun S.A., Jean-Pierre Lecorcier and Michael Stein v. Italian Republic (ICSID Case No. ARB/14/3)",ARB/14/3),UNC577,,,,,,,,,,,,,,,,,1,,
Krederi Ltd. v. United Kingdom (ICSID Case No. ARB/14/17),ARB/14/17),UNC578,,,,,,,,,,,,,,,,,1,,
"Albaniabeg Ambient Sh.p.k, M. Angelo Novelli and Costruzioni S.r.l. v. Albania (ICSID Case No. ARB/14/26)",ARB/14/26),UNC579,,,,,,,,,,,,,,,,,1,,
Tariq Bashir and SA Interpétrol Burundi v. Burundi (ICSID Case No. ARB/14/31),ARB/14/31),UNC581,,,,,,,,,,,,,,,,,1,,
Michael Dagher v. the Sudan (ICSID Case No. ARB/14/2),ARB/14/2),UNC582,,,,,,,,,,,,,,,,,1,,
Zelena N.V. and Energo-Zelena d.o.o Inđija v. Serbia (ICSID Case No. ARB/14/27),ARB/14/27),UNC584,,,,,,,,,,,,,,,,,1,,
Nusa Tenggara Partnership B.V. and PT Newmont Nusa Tenggara v. Indonesia (ICSID Case No. ARB/14/15),ARB/14/15),UNC586,,,,,,,,,,,,,,,,,1,,
"IBT Group LLC., Constructor, Consulting and Engineering (Panamá), S.A., and International Business and Trade, LLC. v. Panama (ICSID Case No. ARB/14/33)",ARB/14/33),UNC587,,,,,,,,,,,,,,,,,1,,
RWE Innogy GmbH and RWE Innogy Aersa S.A.U. v. Kingdom of Spain (ICSID Case No. ARB/14/34),ARB/14/34),UNC588,,,,,,,,,,,,,,,,,1,,
Bear Creek Mining Corporation v. Peru (ICSID Case No. ARB/14/21),ARB/14/21),UNC591,,,,,,,,,,,,,,,,,1,,
RENERGY S.à r.l. v. Kingdom of Spain (ICSID Case No. ARB/14/18),ARB/14/18),UNC592,,,,,,,,,,,,,,,,,1,,
Elektrogospodarstvo Slovenije - razvoj ininzeniring d.o.o. v. Bosnia and Herzegovina (ICSID Case No. ARB/14/13),ARB/14/13),UNC593,,,,,,,,,,,,,,,,,1,,
"City-State N.V., Praktyka Asset Management Company LLC, Crystal-Invest LLC and Prodiz LLC v. United Kingdom (ICSID Case No. ARB/14/9)",ARB/14/9),UNC594,,,,,,,,,,,,,,,,,1,,
Masdar Solar & Wind Cooperatief U.A. v. Kingdom of Spain (ICSID Case No. ARB/14/1),ARB/14/1),UNC595,,,,,,,,,,,,,,,,,1,,
Infinito Gold Ltd. v. Costa Rica (ICSID Case No. ARB/14/5),ARB/14/5),UNC597,,,,,,,,,,,,,,,,,1,,
"Highbury International AVV, Compañía Minera de Bajo Caroní AVV, and Ramstein Trading Inc. v. Venezuela (ICSID Case No. ARB/14/10)",ARB/14/10),UNC598,,,,,,,,,,,,,,,,,1,,
United Utilities (Tallinn) B.V. and Aktsiaselts Tallinna Vesi v. Estonia (ICSID Case No. ARB/14/24),ARB/14/24),UNC600,,,,,,,,,,,,,,,,,1,,
Sodexo Pass International SAS v. Hungary (ICSID Case No. ARB/14/20),ARB/14/20),UNC601,,,,,,,,,,,,,,,,,1,,
"Corona Materials, LLC v. Dominican Republic (ICSID Case No. ARB(AF)/14/3)",ARB(AF)/14/3),UNC603,,,,,,,,,,,,,,,,,1,,
"Ansung Housing Co., Ltd. v. China (ICSID Case No. ARB/14/25)",ARB/14/25),UNC604,,,,,,,,,,,,,,,,,1,,
Casinos Austria International GmbH and Casinos Austria Aktiengesellschaft v. Argentine Republic (ICSID Case No. ARB/14/32),ARB/14/32),UNC605,,,,,,,,,,,,,,,,,1,,
Anglo American PLC v. Venezuela (ICSID Case No. ARB(AF)/14/1),ARB(AF)/14/1),UNC607,,,,,,,,,,,,,,,,,1,,
Oded Besserglik v. Mozambique (ICSID Case No. ARB(AF)14/2),ARB(AF)14/2),UNC608,,,,,,,,,,,,,,,,,1,,
,,,,,,,,,,,,,,,,,,,132,icsid cases die we nog niet gedekt hebben,
