ID,Initiation,ResolutionYear,Respondent country,Investor home country,Parties to the dispute,InvestmentType,Nature of dispute,Legal instrument,Rules,Amount sought by investor,amountAwarded,Arbitrators,Arbitrator1,Arbitrator2,Arbitrator2Claimant,Arbitrator3,Decisions rendered,Status,Links,Commentary (if any),Special features
UNC001,1987,1990,Sri Lanka,United Kingdom,Asian Agricultural Products Ltd. (AAPL) v. Sri Lanka (ICSID Case No. ARB/87/3),shrimp farming enterprise,,Sri Lanka-United Kingdom BIT,ICSID,8000000,460000,Ahmed Sadek El-Kosheri (chair); Berthold Goldman; Samuel K.B. Asante,Ahmed Sadek El-Kosheri,Berthold Goldman,,Samuel K.B. Asante,Award issued on 27 June 1990,awarded in favor of the investor,http://ita.law.uvic.ca/documents/AsianAgriculture-Award.pdf,,
UNC002,1993,1997,"Congo, Democratic (former Zaire)",USA,"American Manufacturing & Trading, Inc. v. Zaire (ICSID Case No. ARB/93/1)",manufacturing and trading enterprise,"claims arising out of two episodes of looting in which soldiers of the Zairian armed forces destroyed, damaged or carried away the property, finished goods, raw materials and other objects of value belonging to the local subsidiary of the investor",Zaire-United States BIT,ICSID,14300000,9000000,Sompong Sucharitkul (chair); Heribert Golsong; Kéba Mbaye,Sompong Sucharitkul,Heribert Golsong,,Kéba Mbaye,Award issued on 21 February 1997,awarded in favor of the investor,http://ita.law.uvic.ca/documents/AmericanManufacturing.pdf,,
UNC004,1994,,Poland,Germany,Saar Papier v. Poland I,waste paper enterprise,claim arising out of enforcement of environmental regulations,Germany-Poland BIT,UNCITRAL,,1380000,,,,,,awarded in favor of the investor,awarded in favor of the investor,,,
UNC005,1995,1998,Burundi,Belgium,Antoine Goetz and others v. Burundi (ICSID Case No. ARB/95/3),mining enterprise,,Belgium-Luxembourg Economic Union-Burundi BIT,ICSID,175000000,3000000,Prosper Weil (Chair); Mohammed Bedjaoui; Jean-Denis Bredin,Prosper Weil,Mohammed Bedjaoui,,Jean-Denis Bredin,awarded in favour of the investor,awarded in favor of the investor,http://www.worldbank.org/icsid/cases/goetz.pdf,,
UNC006,1994,1999,Albania,Greece,Tradex Hellas SA v. Albania (ICSID Case No. ARB/94/2),agricultural enterprise,,Albania-Greece BIT (Albania Investment Laws),ICSID,3107074,,Karl-Heinz Böckstiegel (Chair); Fred Fielding; Andrea Giardina,Karl-Heinz Böckstiegel,Fred Fielding,,Andrea Giardina,Decision on Jurisdiction issued on 24 December 1996;Award issued on 29 April 1999,awarded in favor of the state,http://www.worldbank.org/icsid/cases/tradex_decision.pdfhttp://www.worldbank.org/icsid/cases/tradex_award.pdf,,
UNC007,1996,,Poland,France,France Telecom v. Poland,minority shareholding in Polish cellular phone company,,France-Poland BIT,UNCITRAL,500000000,,,,,,,settled,settled,,,
UNC008,1996,,Poland,USA,Ameritech v. Poland,minority shareholding in Polish cellular phone company,,Poland-United Staes BIT,UNCITRAL,500000000,,,,,,,settled,settled,,,
UNC009,1996,1999,Kazakhstan,USA,Biederman v. Kazakhstan,oil concession,,Kazakhstan-United States BIT,SCC,,8900000,,,,,,Award issued in August 1999,awarded in favor of the investor,Not publicly available,,
UNC010,1996,,Poland,Germany,Saar Papier v. Poland II,waste paper enterprise,claim arising out of the enforcement of environmental regulation,Germany-Poland BIT,UNCITRAL,,,,,,,,unknown,unknown,,,
UNC011,1996,1998,Venezuela,Netherlands,FEDAX N.V. v. Venezuela  (ICSID Case No. ARB/96/3(1),debt instruments,,Netherlands-Venezuela BIT,ICSID,589950,598950,Francisco Orrego Vicuña (Chair); Meir Heth; Roberts B.Owen,Francisco Orrego Vicuña,Meir Heth,,Roberts B.Owen,Decision on Jurisdiction issued on 11 July 1997;Award issued on 9 March 1998,awarded in favor of the investor,http://ita.law.uvic.ca/documents/Fedax-1997-Last.pdfhttp://ita.law.uvic.ca/documents/Fedax-1998-Last.pdf,,
UNC012,1996,1998,Russian Federation,Germany,Sedelmayer v. Russia,real estate ownership,,Germany-Russian Federation BIT,SCC,8000000,2350000,"Court of Arbitration, Stockholm, Sweden","Court of Arbitration, Stockholm, Sweden",NA,NA,NA,Award issued on 7 July 1998,awarded in favor of the investor,http://ita.law.uvic.ca/documents/investment_sedelmayer_v_ru.pdf,,
UNC013,1997,2007,Argentina,France,Compañía de Aguas del Aconquija S.A. and Vivendi Universal v. Argentine Republic (ICSID Case No. ARB/97/3),water and sweage concession,"claims arising out of a series of decrees, resolutions, laws, and legal opinions of the Argentine Republic and its constituent Province of Tucuman which were allegedly designed to undermine the operation of a thirty-year concession contract",Argentina-France BIT,ICSID,316000000,300549098.3,First Tribunal: Francisco Rezek (Chair); Thomas Buergenthal; Peter D. Trooboff;Annulment Committee: L. Yves Fortier (Chair); James R. Crawford; José Carlos Fernández Rozas; Second Tribunal: J. William Rowley (Chair); Gabrielle Kaufmann-Kohler; Carlos Bernal Verea,Francisco Rezek,Thomas Buergenthal,,Peter D. Trooboff,Award issued on 21 November 2000;Decision on the Challenge to the President of the Committee issued on 3 October 2001;Annulment Decision issued on 3 July 2002;Decision on Jurisdiction issued on 14 November 2005;Award II issued on 20 August 2007,awarded in favor of the investor,http://www.worldbank.org/icsid/cases/ada_AwardoftheTribunal.pdfhttp://www.worldbank.org/icsid/cases/9deci-e.pdfhttp://www.worldbank.org/icsid/cases/vivendi_annul.pdfhttp://ita.law.uvic.ca/documents/AgueasVivendijurisdictiondecision.pdfhttp://www.investmentclaims.com/decisions/Vivendi_II_Award.pdf,,
UNC014,1997,1998,Argentina,USA,Lanco International Inc v. Argentine Republic (ICSID Case No. ARB/97/6),port terminal concession agreement,unknown,Argentina-United States BIT,ICSID,,,Bernardo M. Cremades (Chair); Guillermo Aguilar Alvarez; Luiz Olavo Baptista,Bernardo M. Cremades,Guillermo Aguilar Alvarez,,Luiz Olavo Baptista,Decision on Jurisdiction issued on 8 December 1998,settled,http://ita.law.uvic.ca/documents/Lanco-Final.pdf,,
UNC015,1997,2004,Slovakia,Czech Republic,"Ceskoslovenska Obchodni Banka, a.s. v. The Slovak Republic (ICSID Case No. ARB/97/4)",debt instruments,,Czech Republic-Slovak Republic BIT (jurisdiction not based on BIT),ICSID,1400000000,800000000,First and second Decisions on Jurisdiction:  Thomas Buergenthal (Chair); Piero Bernardini; Andreas BucherFinal award: Hans van Houtte (Chair); Piero Bernardini; Andreas Bucher,Thomas Buergenthal,Piero Bernardini,,Andreas Bucher,Decision on Jurisdiction issued on 24 May 1999;Second Decision on Jurisdiction issued on 1 December 2000;Award issued on 29 December 2004,awarded in favor of the investor,http://www.worldbank.org/icsid/cases/csob_decision.pdfhttp://www.worldbank.org/icsid/cases/csob.pdfhttp://ita.law.uvic.ca/documents/Cesk-Slovakia-AwardDec2004.pdf,,
UNC016,1997,1998,Canada,USA,Ethyl Corp v. Canada,MMT - gasoline additive,,NAFTA,UNCITRAL,251000000,13000000,Karl-Heinz Böckstiegel (Chair); Charles N. Brower; Marc Lalonde,Karl-Heinz Böckstiegel,Charles N. Brower,,Marc Lalonde,Decision on Jurisdiction issued on 24 June 1998,settled,http://ita.law.uvic.ca/documents/Ethyl-Award.pdf,,
UNC017,1997,2000,Mexico,USA,Metalclad v. United Mexican States (ICSID Case No. ARB(AF)/97/1),hazardous waste disposal enterprise,,NAFTA,ICSID AF,43000000,16685000,Elihu Lauterpacht (Chair); Benjamin R. Civiletti; José Luis Siqueiros,Elihu Lauterpacht,Benjamin R. Civiletti,,José Luis Siqueiros,Award issued on 30 August 2000,awarded in favor of the investor,http://www.worldbank.org/icsid/cases/mm-award-e.pdf,,
UNC018,1997,1999,Mexico,USA,Robert Azinian and others v. United Mexican States (ICSID Case No. ARB(AF)/97/2),waste enterprise,claims arising out of the cancellation by the City of Naucalpan of a concession contract for the commercial and industrial waste collection,NAFTA,ICSID AF,19200000,,Jan Paulsson (Chair); Benjamin R. Civiletti; Claus von Wobeser,Jan Paulsson,Benjamin R. Civiletti,,Claus von Wobeser,Award issued on 1 November 1999,awarded in favor of the state,http://www.worldbank.org/icsid/cases/robert_award.pdf,,
UNC019,1997,2000,Spain,Argentina,Emilio Agustin Maffezini v. The Kingdom of Spain (ICSID Case No. ARB/97/7),chemical products enterprise,"claims arising from treatment allegedly received by the investor from Spanish entities, in connection with his investment in an enterprise for the production and distribution of chemical products in the Spanish region of Galicia",Argentina-Spain BIT,ICSID,135000,296597,Francisco Orrego Vicuña (Chair); Thomas Buergenthal; Maurice Wolf,Francisco Orrego Vicuña,Thomas Buergenthal,,Maurice Wolf,Procedural Order on Provisional Measures issued on 28 October 1999;Decision on Jurisdiction issued on 25 January 2000;Award issued on 13 November 2000;Rectification of the Award issued on 31 January 2001,awarded in favor of the investor,http://www.worldbank.org/icsid/cases/emilio_DecisiononRequestforProvisionalMeasures.pdfhttp://www.worldbank.org/icsid/cases/emilio_DecisiononJurisdiction.pdfhttp://www.worldbank.org/icsid/cases/emilio_AwardoftheTribunal.pdfhttp://www.worldbank.org/icsid/cases/emilio_RectificationoftheAward.pdf,,
UNC020,1998,2002,Canada,USA,S.D. Myers Inc. v. Canada,PCB waste,,NAFTA,UNCITRAL,53000000,6050000,UNCITRAL,,,,,Final Award issued on 30 December 2002,awarded in favor of the investor,http://www.dfait-maeci.gc.ca/tna-nac/documents/MyersFinalAward-Final-30-12-02.pdf,,
UNC022,1998,,Chile,Spain,Víctor Pey Casado and President Allende Foundation v. Chile (ICSID Case No. ARB/98/2),newspaper company,,Chile-Spain BIT,ICSID,497000000,10132690,Pierre Lalive (chair); Mohammed Chemloul; Emmanuel Gaillard,Pierre Lalive,Mohammed Chemloul,,Emmanuel Gaillard,Decision on Provisional Measures issued on 25 September 2001;Decision on Jurisdiction issued on 8 May 2002 (French);Award issued on 22 April 2008,awarded in favor of the investor,http://www.worldbank.org/icsid/cases/chile-f.pdfDecision on Jurisdiction (french):Part 1:http://ita.law.uvic.ca/documents/VictorPeyCasadovChile-Jurisdiction-PartI.pdfPart 2:http://ita.law.uvic.ca/documents/VictorPeyCasadovChile-Jurisdiction-PartI.pdf,,
UNC024,1998,2003,USA,Canada,"The Loewen Group, Inc. & Raymond L. Loewen v. United States of America (ICSID Case No. ARB(AF)/98/3)",funeral home operation,claim arising out of jury award in US court against Canadian-owned companies involved in death-care industry,NAFTA,ICSID AF,725000000,,Decision on Jurisdiction (2001): Anthony Mason (Chair); Yves Fortier; Judge Abner J. MikvaFinal Award (2003): Sir Anthony Mason; Judge Abner J. Mikva; Lord Mustill,Anthony Mason,Yves Fortier,,Judge Abner J. Mikva,Decision on Competence and Jurisdiction issued on 5 January 2001;Final Award issued on 26 June 2003,awarded in favor of the state,http://ita.law.uvic.ca/documents/Loewen-Jurisdiction-2.pdf  http://ita.law.uvic.ca/documents/Loewen-Award-2.pdf,,
UNC025,1998,2001,Paraguay,Peru,Eudoro Armando Olguin v. Paraguay (ICSID Case No. ARB/98/5),a company for the manufacture and distribution of food products in Paraguay,claims arising out of Paraguay and its agencies alleged negligent conduct in supervising the activities of a domestic financial institution that had been financed by the investor,Paraguay-Peru BIT,ICSID,1342475,,Mr. Rodrigo Oreamuno (Chair); Mr. Francisco Rezek; Mr. Eduardo Mayora Alvarado,Mr. Rodrigo Oreamuno,Mr. Francisco Rezek,,Mr. Eduardo Mayora Alvarado,Award issued on 26 July 2001,awarded in favor of the state,http://www.worldbank.org/icsid/cases/Olgun-award-en.pdf,,
UNC026,1998,2000,Mexico,USA,Waste Management v. United Mexican States (I) (ICSID Case No. ARB(AF)/98/2),waste management contract in Acapulco,claim arising out of the conduct of certain Mexican state-owned entities and the City of Acapulco that adversely affect the investment,NAFTA,ICSID,36000000,,Bernardo M. Cremades (Chair); Keith Highet; Eduardo Siqueiros T.,Bernardo M. Cremades,Keith Highet,,Eduardo Siqueiros T.,Decision on Jurisdiction issued on 2 June 2000,awarded in favor of the state,http://www.worldbank.org/icsid/cases/waste_award.pdf,,
UNC028,1998,2000,United Kingdom,USA,Joseph Charles Lemire v. United Kingdom (ICSID Case No. ARB(AF)/98/1),radio broadcasting enterprise,claim arising out of difficulties in obtaining of licenses for radio frequencies and broadcasting channels,United Kingdom-United States BIT,ICSID AF,,,Elihu Lauterpacht (Chair); Jan Paulsson; Jürgen Voss,Elihu Lauterpacht,Jan Paulsson,,Jürgen Voss,Award issued on 18 September 2000,settled,http://www.worldbank.org/icsid/cases/lemire.pdf,,
UNC029,1998,,Egypt,United Kingdom,Wena Hotels Ltd. V. Egypt (ICSID Case No. ARB/98/4),hotel lease and development agreements,,Egypt-United Kingdom BIT,ICSID,62820000,8061897,Decision on Jurisdiction (1999): Monroe Leigh (Chair); Ibrahim Fadlallah; Hamzeh Ahmad HaddadFinal Award (2000): Monroe Leigh (Chair); Ibrahim Fadlallah; Don WallaceDecision on Application for Annulment (2002): Konstantinos D. Kerameus (Chair); Andreas Bucher;Francisco Orrego VicuñaApplication for Interpretation (2005): Klaus Sachs (Chair); Ibrahim Fadlallah; Carl F. Salans,Monroe Leigh,Ibrahim Fadlallah,,Hamzeh Ahmad Haddad,"Decision on Jurisdiction issued on 29 June 1999;Final Award issued on 8 December 2000;Decision on Application for Annulment issued on 5 February 2002;Decision on the Claimant’s Application for Interpretation of the Arbitral Award dated December 8, 2000 issued on 31 October 2005",awarded in favor of the investor,http://ita.law.uvic.ca/documents/Wena-1999-Final.pdfhttp://ita.law.uvic.ca/documents/Wena-2000-Final.pdfhttp://ita.law.uvic.ca/documents/Wena-annulment.pdfhttp://ita.law.uvic.ca/documents/WenaInterpretationDecision.pdf,,
UNC030,1999,2004,"Congo, Democratic Republic of",USA,Patrick Mitchell v. Democratic the Congo (ICSID Case No. ARB/99/7),law firm,"claims arising out of the intervention ordered by the Military Court of the DRC and executed in 1999 when the premises housing Mr. Mitchell’s firm were put under seals, documents qualified as compromising and other items were seized and the employees of the firm were forced to leave the premises",Congo (Democratic Republic of)-United States BIT,ICSID,750000,,Annulment Ad hoc Committee: Antonias Dimolitsa (Chair); Robert S. M. Dossou; Andrea Giardina,Antonias Dimolitsa,Robert S. M. Dossou,,Andrea Giardina,Final Award issued on 9 February 2004;Annulment Decision issued on 1 November 2006,awarded in favor of the state,http://www.investmentclaims.com/decisions/Mitchell-Congo-Annulment_Decision.pdfhttp://www.investmentclaims.com/decisions/31a%20-%20mitchell-en.pdf,,
UNC032,1999,2002,Canada,USA,Pope & Talbot v. Canada,softwood lumber mills,claim arising out of the manner in which Canada has chosen to implement the Softwood Lumber Agreement entered into with the United States,NAFTA,UNCITRAL,507000000,461566,Lord Dervaird (Chair); Benjamin G. Greenberg; Murray J. Belman,Lord Dervaird,Benjamin G. Greenberg,,Murray J. Belman,Award on Merits issued on 10 April 2001;Award on Damages issued on 31 May 2002,awarded in favor of the state,http://ita.law.uvic.ca/documents/PopeandTalbot-Merit.pdfhttp://ita.law.uvic.ca/documents/Pope-Damages.pdf,,
UNC033,1999,2002,Mexico,USA,Marvin Roy Feldman Karpa v. United Mexican States (ICSID Case No. ARB(AF)/99/1),cigarette export enterprise,,NAFTA,ICSID AF,50000000,927814,Konstantinos D. Kerameus (Chair); Jorge Covarrubias Bravo; David A. Gantz,Konstantinos D. Kerameus,Jorge Covarrubias Bravo,,David A. Gantz,Award on Jurisdiction issued on 6 December 2000;Award on Merits issued on 16 December 2002,awarded in favor of the investor,http://www.worldbank.org/icsid/cases/feldman_mexico_interim-en.PDFhttp://www.worldbank.org/icsid/cases/feldman_mexico-award-en.PDF,,
UNC035,1999,2001,Czech Republic,USA,Ronald Lauder v. Czech Republic,broadcasting enterprise,claims arising out of the conduct of the Czech Media Council towards the broadcasting enterprise partly owned by the foreign investor,Czech Republic-United States BIT,UNCITRAL,,,Robert Briner (Chair); Lloyd Cutler; Bohuslav Klein,Robert Briner,Lloyd Cutler,,Bohuslav Klein,Award issued on 3 September 2001,awarded in favor of the state,http://ita.law.uvic.ca/documents/LauderAward.pdf,,
UNC036,1999,2000,Latvia,Sweden,Swembalt AB v. Latvia,scrapping of a foreign-owned ship,,Latvia-Sweden BIT,UNCITRAL,2806258,2506235,Allan Philip (Chair); Kaj Hober; Gustaf Moller,Allan Philip,Kaj Hober,,Gustaf Moller,Award issued on 23 October 2000,awarded in favor of the investor,http://ita.law.uvic.ca/documents/Swembalt-Latvia-Award-23Oct2000.pdf,,
UNC037,1999,2000,Malaysia,Belgium,Gruslin v Malaysia (ICSID Case No. ARB/99/3),company shareholding,claims arising out of the imposition by the Malaysian Government of exchange controls,Belgium & Luxembourg-Malaysia BIT,ICSID,1200000,,Sole Arbitrator: Gavan Griffith,NA,Gavan Griffith,sole arbitrator,NA,Final Award issued on 27 November 2000,awarded in favor of the state,http://ita.law.uvic.ca/documents/Philippe_Gruslin_v_Malaysia.pdf,,
UNC039,1999,2005,USA,Canada,Methanex Corp. v. United States,MTBE gasoline additive producer,claim arising out of California ban on use or sale of MTBE gasoline additive,NAFTA,UNCITRAL,970000000,,V.V. Veeder (Chair); Warren Christopher; William F. RowleyFinal Award (2005): V.V. Veeder (Chair); William F. Rowley; Michael Reisman,V.V. Veeder,William F. Rowley,,Warren Christopher; Michael Reisman,Decision on Amici Curiae issued on 15 January 2001;Partial Award issued on 7 August 2002;Final Award issued on 3 August 2005,awarded in favor of the state,http://ita.law.uvic.ca/documents/Methanex-AmiciCuriae.pdfhttp://ita.law.uvic.ca/documents/Methanex-1stPartial.pdfhttp://ita.law.uvic.ca/documents/MethanexFinalAward.pdf,,
UNC040,1999,2002,USA,Canada,Mondev International Ltd. v. United States (ICSID Case No. ARB(AF)/99/2),commercial real estate,claim arising out of Massachusetts Supreme Court decision and state law regarding immunization from intentional tort liability,NAFTA,ICSID AF,50000000,,Ninian Stephen (Chair); James Crawford; Judge Stephen M. Schwebel,Ninian Stephen,James Crawford,,Judge Stephen M. Schwebel,Award issued on 11 October 2002,awarded in favor of the state,http://ita.law.uvic.ca/documents/Mondev-Final.pdf,,
UNC041,1999,2001,Estonia,USA,"Alex Genin, Eastern Credit Limited, Inc v. Estonia (ICSID Case No. Arb/99/2)",banking enterprise,,US-Estonia BIT,ICSID,1639344,,Yves Fortier (Chair); Meir Heth; Albert Jan Van den Berg,Yves Fortier,Meir Heth,,Albert Jan Van den Berg,Award issued on 25 June 2001,awarded in favor of the state,http://www.worldbank.org/icsid/cases/genin.pdf,,counterclaim advanced by Estonia was rejected by the Tribunal
UNC042,1999,2002,Egypt,Greece,Middle East Cement Shipping and Handling Co v. Arab Egypt (ICSID Case No. ARB/99/6),cement distribution enterprise,,Egypt-Greece BIT,ICSID,42000000,2190430,"Karl-Heinz Böckstiegel (Chair); Piero Bernardini; Don Wallace, Jr.",Karl-Heinz Böckstiegel,Piero Bernardini; Don Wallace,,Jr.,Award issued on 12 April 2002,awarded in favor of the investor,http://www.worldbank.org/icsid/cases/me_cement-award.pdf,,
UNC043,1999,2002,Moldova,USA,Link Trading v. Moldova,import of consumer products enterprise,claim arising out of a change in the rates of duties and VAT exemptions,Moldova-United States BIT,UNCITRAL,3458813.2,,Tribunal of International Commercial Arbitration at the Russian Chamber of Commerce and Industry,Tribunal of International Commercial Arbitration at the Russian Chamber of Commerce and Industry,NA,NA,NA,Award on Jurisdiction issued on 16 February 2001;Final Award issued on 18 April 2002,awarded in favor of the state,http://cisgw3.law.pace.edu/cases/040216r1.html#cx,,
UNC044,2000,2003,Myanmar,Singapore,Yaung Chi OO Trading Pte Ltd. V. Government of the Union of Myanmar (ASEAN I.D. Case No. ARB/01/1),brewery enterprise,,ASEAN Agreements,ad-hoc (adopted ICSID AF rules),,,Sompong Sucharitkul (Chair); James Crawford; Francis Delon,Sompong Sucharitkul,James Crawford,,Francis Delon,Award issued on 31 March 2003,awarded in favor of the state,http://ita.law.uvic.ca/documents/YounghiOocase.pdf,,
UNC045,2000,2003,Mexico,Spain,Tecnicas Medioambientales Tecmed v. United Mexican States (ICSID Case No ARB(AF)/00/2),waste disposal business,,Mexico-Spain BIT,ICSID AF,52000000,5533017,Horacio A. Grigera Naon (Chair); José Carlos Fernandez Rozas; Carlos Bernal Verea,Horacio A. Grigera Naon,José Carlos Fernandez Rozas,,Carlos Bernal Verea,Award issued on 29 May 2003,awarded in favor of the investor,http://www.worldbank.org/icsid/cases/laudo-051903%20-English.pdf,,
UNC046,2000,,Germany,India,Ashok Sancheti v. Germany,unknown,,Germany-India BIT,UNCITRAL,,,,,,,,no award issued,settled,,,
UNC047,2000,,Russia,United Kingdom,United Kingdom Bank v. Russian Federation,financial services,claim arising out of the default on sovereign bonds during the Russian financial crisis,Russian Federation-United Kingdom BIT,SCC,,,,,,,,no award issued,settled,,,
UNC048,2000,2002,Lebanon,Egypt,Eastern Company v. Lebanon,unknown,,Egypt-Lebanon BIT,Cairo Centre Rules,,,,,,,,Award issued on 6 June 2002,unknown,Not found,,
UNC049,2000,2003,Morocco,Italy,Consortium RFCC v. Morocco (ICSID Case No. ARB/00/6),highway project,,Italy-Morocco BIT,ICSID,68000000,,Robert Briner (Chair); Bernardo Cremades; Ibrahim Fadlallah,Robert Briner,Bernardo Cremades,,Ibrahim Fadlallah,Decision on Jurisdiction issued on 16 July 2001;Award issued on 22 December 2003;Annulment Decision issued on 18 January 2006,awarded in favor of the state,http://www.worldbank.org/icsid/cases/rfcc-decision.pdfhttp://www.worldbank.org/icsid/cases/rfcc-award.pdf,,
UNC050,2000,,Morocco,Italy,Salini Costruttori and Italstrade v. Morocco (ICSID Case No. ARB/00/4),public procurement agreement for highway construction,claim arising out of non-payment of contract price,Italy-Morocco BIT,ICSID,66114917,,Robert Briner (Chair); Bernardo Cremades; Ibrahim Fadlallah,Robert Briner,Bernardo Cremades,,Ibrahim Fadlallah,Decision on Jurisdiction issued on 23 July 2001,settled,http://ita.law.uvic.ca/documents/Salini-English.pdf,,
UNC051,2000,2007,Canada,USA,United Parcel Service of America Inc. v. Canada,postal services,claims arising from allegedly anti-competitive practices of Canada and Canada Post Corporation in the non-monopoly postal services market,NAFTA,UNCITRAL,160000000,,Kenneth Keith (Chair); Dean Ronald Cass; L. Yves Fortier,Kenneth Keith,Dean Ronald Cass,,L. Yves Fortier,Decision on Amici Curiae issued on 17 October 2001;Award on Jurisdiction issued on 22 November 2002;Award and Dissenting Opinion issued on 24 May 2007.,awarded in favor of the state,http://ita.law.uvic.ca/documents/UPS-Jurisdiction.pdfhttp://www.investmentclaims.com/decisions/UPSMeritsAward24May2007.pdf,,
UNC052,2000,2003,Czech Republic,Netherlands,CME v. Czech Republic,broadcasting enterprise,"claims arising from the actions and omissions attributed to the Media Council, an organ of the Czech Republic, that allegedly commercially destroyed the broadcasting station operator which was partly owned by the investor",Czech Republic-Netherlands BIT,UNCITRAL,560000000,269814000,Wolfgang Kühn (Chair); Stephen M. Schwebel; Jaroslav HándlFinal Award (2003): Wolfgang Kühn (Chair); Stephen M. Schwebel; Ian Brownlie,Wolfgang Kühn,Stephen M. Schwebel,,Jaroslav Hándl; Ian Brownlie,Partial Award issued on 13 September 2001;Final Award issued on 14 March 2003,awarded in favor of the investor,http://ita.law.uvic.ca/documents/CME-2001PartialAward.pdfhttp://ita.law.uvic.ca/documents/CME-2003-Final_001.pdf,,
UNC053,2000,2003,USA,Canada,ADF Group Inc. v. United States (ICSID Case No. ARB(AF)/00/1),highway project,claims arising out of federal Surface Transportation Assistance Act of 1982 and implementing regulations requiring that federally-funded state highway projects use domestic steel,NAFTA,ICSID AF,90000000,,Florentino P. Feliciano; Armand de Mestral; Carolyn B. Lamm,Florentino P. Feliciano,Armand de Mestral,,Carolyn B. Lamm,Award issued on 9 January 2003,awarded in favor of the state,http://www.worldbank.org/icsid/cases/ADF-award.pdf,,
UNC054,2000,2004,Mexico,USA,Waste Management v. United Mexican States (II) (ICSID Case No. ARB(AF)/00/3)),waste management contract in Acapulco,claim arising out of the conduct of certain Mexican state-owned entities and the City of Acapulco that adversely affect the investment,NAFTA,ICSID AF,36000000,,James Crawford (Chair); Benjamin R. Civiletti; Eduardo Magallón Gómez,James Crawford,Benjamin R. Civiletti,,Eduardo Magallón Gómez,Decision on Jurisdiction issued on 26 June 2002;Award issued on 30 April 2004,awarded in favor of the state,http://ita.law.uvic.ca/documents/WastMgmt2-Jurisdiction.pdfhttp://ita.law.uvic.ca/documents/laudo_ingles.pdf,,
UNC055,2000,2002,Sri Lanka,USA,Mihaly International Corp v. Democratic Socialist Sri Lanka (ICSID Case No. ARB/00/2),power plant,"claim arising out of the unsuccesful conclusion of a contract between the Sri Lanka and the investor for the building, ownership and operation of the power station",Sri Lanka-United States BIT,ICSID,,,Sompong Sucharitkul (Chair); Andrew Rogers; David Suratgar,Sompong Sucharitkul,Andrew Rogers,,David Suratgar,Award issued on 15 March 2002,awarded in favor of the state,http://www.worldbank.org/icsid/cases/mihaly-award.pdf,,
UNC056,2000,2003,United Kingdom,USA,Generation United Kingdom v. United Kingdom (ICSID Case No. ARB/00/9),construction of an office building,,United Kingdom-United States BIT,ICSID,7100000000,,Jan Paulsson (Chair); Eugen Salpius; Jürgen Voss,Jan Paulsson,Eugen Salpius,,Jürgen Voss,Award issued on 16 September 2003,awarded in favor of the state,http://ita.law.uvic.ca/documents/GenerationUnited Kingdom_000.pdf,,
UNC057,2001,2006,Czech Republic,Netherlands,SalUnited Kingdoma Investments BV (Netherlands) (Nomura -- Japan) v. Czech Republic,banking enterprise,,Czech Republic-Netherlands BIT,"UNCITRAL, PCA is providing secretarial support; seat is geneva, hearings have been in london",1000000000,,"Sir Arthur Watts QC (chair), L. Yves Fortier, Peter Behrens",Sir Arthur Watts QC,L. Yves Fortier,,Peter Behrens,Decision on Jurisdiction over the Czech Republic's Counterclaim issued on 7 May 2004;Partial Award issued on 17 March 2006,awarded in favor of the investor,http://ita.law.uvic.ca/documents/SalUnited Kingdoma-DecisiononJurisdiction-counterclaim.pdfhttp://ita.law.uvic.ca/documents/SalUnited Kingdoma-PartialawardFinal.pdf,,
UNC058,2001,2005,Romania,USA,Noble Ventures v. Romania (ICSID Case No. ARB/01/11),stock purchase agreement for a steel industry asset,"claims arising out of a privatization agreement concerning the acquisition, management, operation and disposition of a substantial steel mill with associated and other assets",Romania-United States BIT,ICSID,143531000,,"Karl-Heinz Boeckstiegel (chair), Jeremy Lever, Pierre-Marie Dupuy",Karl-Heinz Boeckstiegel,Jeremy Lever,,Pierre-Marie Dupuy,"Award issued on 12 October 2005;Decision on the Respondent’s Request for Rectification of the Award of October 12, 2005 issued on 19 May 2006",awarded in favor of the state,http://ita.law.uvic.ca/documents/Noble.pdfhttp://ita.law.uvic.ca/documents/Noble-RectificationofAward.pdf,,
UNC060,2001,2003,Latvia,Sweden,Nykomb Synergetics v. Latvia,,,Energy Charter Treaty,SCC,12800000,3000000,Bjørn Haug (chair); Rolf A. Schütze; Johan Gernandt,Bjørn Haug,Rolf A. Schütze,,Johan Gernandt,Award issued on 16 December 2003,awarded in favor of the investor,http://ita.law.uvic.ca/documents/Nykomb-Finalaward.doc,,
UNC061,2001,2006,Argentina,USA,Azurix I v. Argentina (ICSID Case No. ARB/01/12),water and sewage concession,,Argentina-United States BIT,ICSID,685000000,165200000,"Decision on Jurisdiction (2003): Dr. Andrés Rigo Sureda (Chair); Sir Elihu Lauterpacht; Daniel H. MartinsAward (2004): Drl. Andrés Rigo Sureda (Chair); Marc Lalonde; Daniel Hugo MartinsAnnulment Committee: Gavan Griffith (chair), Bola Ajibola, Michael Hwang",Dr. Andrés Rigo Sureda,Sir Elihu Lauterpacht,,Daniel H. Martins,Decision on Jurisdiction issued on 8 December 2003;Award issued on 14 July 2006;Decision on the Application for Annulment issued on 1 September 2009,awarded in favor of the investor,http://www.worldbank.org/icsid/cases/azurix-decision-en.pdfhttp://www.worldbank.org/icsid/cases/pdf/ARB0112_Azurix-Award-en.pdf,,
UNC062,2001,2006,Trinidad and Tobago,USA,"F-W Oil Interests, Inc. v. Trinidad & Tobago (ICSID Case No. ARB/01/14)",oil and gas development contract,,Trinidad and Tobago-United States BIT,ICSID,200000000,,"Fali S. Nariman (chair), Franklin Berman, Michael Mustill",Fali S. Nariman,Franklin Berman,,Michael Mustill,Award issued on 3 March 2006,unknown,Not found,,
UNC063,2001,,Mexico,USA,Adams et.al. v. United Mexican States,vacation properties,claim arising out of the alleged expropriation of vacation properties,NAFTA,UNCITRAL,75000000,,unknown,DU,DU,DU,DU,unknown,unknown,,,
UNC064,2001,,United Arab Emirates,Italy,"Impregilo, S.p.A and Rizzani De Eccher S.p.A. v. United Arab Emirates (ICSID Case No. ARB/01/1)",construction of a mosque,,Italy-United Arab Emirates BIT,ICSID,,,,,,,,Order taking note of the discontinuance of the proceeding issued by the Secretary-General on 7 August 2001,settled,Not found,,
UNC065,2001,,Guyana,United Kingdom,Booker PLC v. Guyana (ICSID Case No. ARB/01/9),debt instruments,claim arising out of the repayment of outstanding debt related to the expropriation of a sugar enterprise in the 1970s,Guyana-United Kingdom BIT,ICSID,10000000,,Brigitte Stern (sole arbitrator),NA,Brigitte Stern,sole arbitrator,NA,Order taking note of the discontinuance of the proceeding issued on 11 October 2003,settled,,,
UNC066,2001,2007,Chile,Malaysia,MTD Equity Sdn. Bhd. and MTD Chile S.A. v. Chile (ICSID Case No. ARB/01/7),construction of residential and commercial complex,claims arising out of the denial of zoning modification necessary in order to execute a development project,Chile-Malaysia BIT,ICSID,20000000,5871322,Mr. Andrés Rigo Sureda (Chair); Marc Lalonde; Rodrigo Oreamuno BlancoAd Hoc Committee: Gilbert Guillaume (Chair); James R. Crawford; Sara Ordoñez Noriega,Mr. Andrés Rigo Sureda,Marc Lalonde,,Rodrigo Oreamuno Blanco,Final Award issued on 25 May 2004;Ad Hoc Committee's Decision on the Respondent's Request for a Continued Stay of Execution issued on 1 june 2005 Ad Hoc Committee's Decision on Annulment issued on 21 March 2007,awarded in favor of the investor,http://ita.law.uvic.ca/documents/MTD-Award_000.pdfhttp://www.investmentclaims.com/decisions/MTD-Chile_Ad_Hoc_Committee_Decision-21-03-07.pdf,,
UNC067,2001,,Hungary,United Kingdom,AES Summit Generation Ltd. v. Hungary (ICSID Case No. ARB/01/4),power purchase and sale agreement,,Energy Charter Treaty and Hungary-United Kingdom BIT,ICSID,,,,,,,,Order taking note of the discontinuance of the proceeding issued on 3 January 2002,settled,,,
UNC068,2001,2005,Argentina,USA,CMS Gas Transmission Company v. Argentina (ICSID Case No. ARB/01/8),gas transmission enterprise,claims arising out of Argentina's suspension/termination of the right to calculate tariffs in US dollars and to make inflation adjustments,Argentina-United States BIT,ICSID,261100000,132000000,Francisco Orrego Vicuña (Chair); Marc Lalonde P; Judge Francisco RezekAnnulment Committee: Gilbert Guillaume (Chair); Nabil Elaraby; James R. Crawford,Francisco Orrego Vicuña,Marc Lalonde,,Judge Francisco Rezek,Decision on Jurisdiction issued on 17 July 2003;Final Award issued on 12 May 2005;Decision of the  Ad hoc committee on the application for annulment of the Argentina issued on 25 September 2007,awarded in favor of the investor,http://www.worldbank.org/icsid/cases/CMS_Decision_english.pdfhttp://www.worldbank.org/icsid/cases/CMS_Award.pdfhttp://www.investmentclaims.com/decisions/CMS-Argentina-Annulment_Decision.pdf,,
UNC069,2001,2004,Kazakhstan,USA,CCL Oil v. Kazakhstan (SCC Case 122/2001),oil investment,,Kazakhstan-United States BIT,SCC,,,Norway (Chair); James H. Carter; Christer Soderlund,Norway,James H. Carter,,Christer Soderlund,Jurisdictional Award issued in 2003;Final Award issued in 2004;Supplemental Award and Interpretation issued in 2004,awarded in favor of the state,http://ita.law.uvic.ca/documents/CCLvKazakhstan.pdf,,
UNC070,2001,2003,Pakistan,Switzerland,SGS v. Pakistan (ICSID Case No. ARB/01/13),service agreement,,Pakistan-Switzerland BIT,ICSID,112268430.4,,"Florentino P. Feliciano (chair), André J.E. Faures, J. Christopher Thomas",Florentino P. Feliciano,André J.E. Faures,,J. Christopher Thomas,Decision on Jurisdiction issued on 6 August 2003,awarded in favor of the state,http://www.worldbank.org/icsid/cases/SGS-decision.pdf,,
UNC071,2001,2007,Argentina,USA,Enron Corporation and Ponderosa Assets LP v. Argentina (ICSID Case No. ARB/01/3),natural gas transportation company,claims arising out of certain tax assessments allegedly imposed by some Argentinean provinces in respect to a gas transportation company as well as the Argentine Government's alleged refusal to allow tariff adjustments in accordance with the US Producer Price Index,Argentina-United States BIT,ICSID,582000000,106200000,Francisco Orrego Vicuña (Chair); Héctor Gros Espiell; Pierre-Yves Tschanz,Francisco Orrego Vicuña,Héctor Gros Espiell,,Pierre-Yves Tschanz,Decision on Jurisdiction issued on 14 January 2004;Decision on Jurisdiction on ancillary claim issued on 2 August 2004;Award issued on 22 May 2007;Rectification Decision issued on 27 October 2007,awarded in favor of the investor,http://ita.law.uvic.ca/documents/Enron-Jurisdiction.pdfhttp://www.worldbank.org/icsid/cases/enron-decision-en.pdfhttp://www.investmentclaims.com/decisions/Enron-Award.pdf,,
UNC072,2001,2003,Kazakhstan,USA,"AIG Capital Partners, Inc. and CJSC Tema Real Estate Company v. Kazakhstan (ICSID Case No. ARB/01/6)",building of residential housing complex,,Kazakhstan-United States BIT,ICSID,,9951709,"Fali Nariman (chair), Piero Bernardini, Branko VUnited Kingdommir",Fali Nariman,Piero Bernardini,,Branko VUnited Kingdommir,Final Award issued on 7 October 2003,awarded in favor of the investor,Not publicly available,,
UNC075,2002,2006,Egypt,USA,Champion Trading Company and others v. Arab Egypt (Case No. ARB/02/9),cotton processing and trading enterprise,claims arising out of Egypt's series of measures which harmed the investment in Egypt,US-Egypt BIT,ICSID,365000000,,Robert Briner (Chair); Yves Fortier; Laurent Aynès,Robert Briner,Yves Fortier,,Laurent Aynès,Decision on Jurisdiction issued on 21 October 2003;Award issued on 27 October 2006,awarded in favor of the state,http://www.worldbank.org/icsid/cases/champion-decision.pdf,,
UNC078,2002,2007,United Kingdom,Lithuania,Tokios Tokelés v. United Kingdom (ICSID Case No. ARB/02/18),printing enterprise,"claims arising from certain allegedly wrongful action by the Government of United Kingdom vis-à-vis the investor including investigations, document seizures, public accusations of illegal conduct, judicial actions to invalidate contracts and seize assets",Lithuania-United Kingdom BIT,ICSID,65000000,,Michael Mustill (Chair); Daniel M. Price; Piero Bernardini,Michael Mustill,Daniel M. Price,,Piero Bernardini,Decision on Jurisdiction and dissenting opinion issued on 29 April 2004;Award and dissenting opinion issued on 26 July 2007,awarded in favor of the state,http://www.worldbank.org/icsid/cases/tokios-decision.pdfhttp://www.worldbank.org/icsid/cases/tokios-dissenting_opinion.pdf,,
UNC081,2002,,Jordan,United Kingdom,JacobsGibb Limited v. Hashemite Kingdom of Jordan (ICSID Case No. ARB/02/12),waterway construction project,,Jordan-United Kingdom BIT,ICSID,,,,,,,,Settlement agreed by the parties and proceeding discontinued at their request; order taking note of the discontinuance issued on 13 October 2004,settled,,,
UNC085,2002,2007,Turkey,USA,"PSEG Global Inc., The North American Coal Corporation (NACC), and Konya Ilgin Elektrik Üretim ve Ticaret Limited Sirketi v. Turkey (ICSID Case No. ARB/02/5)",electric power generating station project,"claims arising out of the Government alleged action and inaction to destroy the investment (ie., by depriving the investor of the Treasury guarantee, long-term power purchase agreement and the Fund Agreement)",Turkey-United States BIT,ICSID,500000000,9061479,"Francisco Orrego Vicuña (chair), L Yves Fortier, Gabrielle Kaufmann-Kohler",Francisco Orrego Vicuña,L Yves Fortier,,Gabrielle Kaufmann-Kohler,Decision on Jurisdiction issued on 4 June 2004;Award issued on 19 January 2007,awarded in favor of the investor,http://ita.law.uvic.ca/documents/psegdecision.pdfhttp://www.worldbank.org/icsid/cases/pdf/ARB025-Award.pdf,,
UNC087,2002,2004,Mexico,USA,GAMI Investments v. United Mexican States,sugar mills,,NAFTA,UNCITRAL,27800000,,W. Michael Reisman; Julio Lacarte Muro; Jan Paulsson,W. Michael Reisman,Julio Lacarte Muro,,Jan Paulsson,Final Award issued on 15 November 2004,awarded in favor of the state,http://ita.law.uvic.ca/documents/Gami.pdf,,
UNC088,2002,2007,Argentina,USA,Sempra Energy International v. Argentine Republic (ICSID Case No. ARB/02/16),gas supply and distribution enterprise,claims arising out of Argentina's suspension of the licensee companies' tariff increases based on the US producer price index and the subsequent pesification of these tariffs,Argentina-United States BIT,ICSID,210000000,128250462,"Francisco Orrego Vicuna (chair), Marc Lalonde, Sandra Morelli Rico;Annulment committee: Christer Soederlund (chair), David A.O. Edward, Andreas J. Jacovides""",Francisco Orrego Vicuña,Marc Lalonde,,Sandra Morelli Rico,Decision on Jurisdiction issued 11 May 2005;Award and separate opinion issued on 28 September 2007,awarded in favor of the investor,http://www.worldbank.org/icsid/cases/sempra-en.pdfhttp://www.investmentclaims.com/decisions/Sempra_Energy-Award.pdfhttp://www.investmentclaims.com/decisions/Sempra_Energy-Opinion.pdf,,
UNC090,2002,,Mexico,USA,Robert J. Frank v. United Mexican States,vacation property,,NAFTA,UNCITRAL,1500000,,,,,,,,unknown,,,
UNC093,2002,2007,Argentina,USA,"LG&E Energy Corp., LG&E Capital Corp. and LG&E International Inc. v. Argentine Republic (ICSID Case No. ARB/02/1)",gas distribution enterprise,"claims arising out of Argentina's unilateral decision to freeze certain automatic semi-annual adjustments, based on changes in the US Producer Price Index, to the tariffs for distribution of natural gas in Argentina",Argentina-United States BIT,ICSID,248000000,57400000,Tatiana B. de Maekelt (Chair); Francisco Rezek; Albert Jan van den Berg,Tatiana B. de Maekelt,Francisco Rezek,,Albert Jan van den Berg,Decision on Jurisdiction issued on 30 April 2004;Decision on Liability issued on 3 October 2006;Damages Award issued on 25 July 2007;Decision on Claimants' Request for Supplementary Decision issued on 8 July 2008,awarded in favor of the state,http://www.worldbank.org/icsid/cases/lge-decision-en.pdf;http://www.investmentclaims.com/decisions/LG&E-Argentina-Damages_Award.pdf,,
UNC094,2002,,Ecuador,USA,IBM World Trade Corp. v. Ecuador (ICSID Case No. ARB/02/10),informatic services contract,,Ecuador-United States BIT,ICSID,,,Rodrigo Jijon Letort (Chair); Alejandro Ponce Martinez; Leon Roldos Aguilera,Rodrigo Jijon Letort,Alejandro Ponce Martinez,,Leon Roldos Aguilera,Decision on Jurisdiction issued on 22 December 2003 (Spanish and later in English);Award embodying the settlement agreement issued on 22 July 2004,settled,http://ita.law.uvic.ca/documents/IBMvsRDE.pdf,,
UNC095,2002,2006,Mexico,USA,Fireman's Fund Insurance Company v. Mexico (ICSID Case No. ARB(AF)/02/1),debt instruments,,NAFTA,ICSID AF,50000000,,"Albert Jan Van den Berg (Chair), Andreas F. Lowenfeld, Alberto Guillermo Saavedra Olavarrieta",Albert Jan Van den Berg,Andreas F. Lowenfeld,,Alberto Guillermo Saavedra Olavarrieta,Decision on Jurisdiction issued on 17 July 2003;Award issued in 17 July 2006 (published on 2007),awarded in favor of the state,http://ita.law.uvic.ca/documents/FiremansAward.pdfhttp://ita.law.uvic.ca/documents/FiremansFinalAwardRedacted.pdf,,
UNC096,2002,2006,Jordan,Italy,Salini Costruttori S.p.A. and Italstrade S.p.A. v. the Hashemite Kingdom of Jordan (ICSID Case No. ARB/02/13),dam construction project,claim arising out of the disagreement between the Government of Jordan and the investor as to amount of the credits to be paid to the investor,Italy-Jordan BIT,ICSID,28000000,,Gilbert Guillaume (Chair); Bernardo Cremades; Ian Sinclair,Gilbert Guillaume,Bernardo Cremades,,Ian Sinclair,Decision on Jurisdiction issued on 9 November 2004;Award issued on 31 January 2006,awarded in favor of the state,http://www.worldbank.org/icsid/cases/salini-decision.pdfhttp://www.worldbank.org/icsid/cases/SalinivJordanAward_IncludingAnnex.pdf,,
UNC102,2003,,Argentina,Chile,Metalpar S.A. and Buen Aire S.A. v. Argentine Republic (ICSID Case No. ARB/03/5),motor vehicle enterprise,,Argentina-Chile BIT,ICSID,18000000,,Rodrigo Oreamuno Blanco (Chair); Duncan H. Cameron; Jean Paul Chabaneix,Rodrigo Oreamuno Blanco,Duncan H. Cameron,,Jean Paul Chabaneix,Decision on Jurisdiction issued on 27 April 2006 (Spanish);Award issued on 6 June 2008,awarded in favor of the state,http://ita.law.uvic.ca/documents/Metalpar-Argentina-Jurisdiction.pdf,,
UNC103,2003,2005,Peru,Chile,"Lucchetti S.A. and Lucchetti Peru, S.A. v. Peru (ICSID Case No. ARB/03/4)",pasta factory,claims arising out of the annulment by the Municipality of Lima of construction permits previously granted to the investor and of local decrees purporting to expropriate the investor's land for environmental reasons,Chile-Peru BIT,ICSID,,,Thomas Buergenthal (Chair); Bernardo M. Cremades; Jan Paulsson,Thomas Buergenthal,Bernardo M. Cremades,,Jan Paulsson,Decision on Jurisdiction issued on 7 February 2005;Annulment decision issued on 5 September 2007,awarded in favor of the state,http://www.worldbank.org/icsid/cases/lucchetti-award.pdfhttp://www.investmentclaims.com/decisions/Lucchetti-Annulment_Decision.pdf,,
UNC106,2003,2005,Algeria,Italy,Consortium Groupement L.E.S.I. - DIPENTA v. Algeria (ICSID Case No. ARB/03/8),construction of a dam,,Algeria-Italy BIT,ICSID,100000000,,Pierre Tercier (Chair); André Faurès; Emmanuel Gaillard,Pierre Tercier,André Faurès,,Emmanuel Gaillard,Decision on Jurisdiction issued on 10 January 2005 (French),awarded in favor of the state,http://www.worldbank.org/icsid/cases/lesi-sentence-fr.pdfhttp://www.worldbank.org/icsid/cases/lesi_award_en.pdf,,
UNC107,2003,,Argentina,United Kingdom,National Grid v. Argentina,electricity enterprise,,Argentina-United Kingdom BIT,UNCITRAL,60000000,53600000,"Andrés Rigo Sureda (chair), Alejandro Miguel Garro, Judd L Kessler",Andrés Rigo Sureda,Alejandro Miguel Garro,,Judd L Kessler,Decision on Jurisdiction issued on 20 June 2006;Award issued on 3 November 2008,awarded in favor of the investor,http://ita.law.uvic.ca/documents/NationalGrid-Jurisdiction-En.pdf,,
UNC108,2003,,Argentina,United Kingdom,BG Group Plc v. Argentina,gas enterprise,,Argentina-United Kingdom BIT,UNCITRAL,2381000000,185285485,"Guillermo Aguilar Alvarez (chair), Albert Jan van den Berg, Alejandro M. Garro",Guillermo Aguilar Alvarez,Albert Jan van den Berg,,Alejandro M. Garro,Award issued on 24 December 2007,awarded in favor of the investor,,,
UNC111,2003,2007,Ecuador,USA,"M.C.I. Power Group, L.C. and New Turbine, Inc. v. Ecuador (ICSID Case No. ARB/03/6)",electric power generation project,claim arising out of the revocation of investor's operating permit,Ecuador-United States BIT,ICSID,,,"Raúl E. Vinuesa (Chair); Benjamin J. Greenberg, Q.C.; Jaime Irarrázabal C.",Raúl E. Vinuesa,"Benjamin J. Greenberg, Q.C.",,Jaime Irarrázabal C.,Award issued on 31 July 2007,awarded in favor of the state,http://www.investmentclaims.com/decisions/MCI-Ecuador-Award.pdf,,
UNC117,2003,,Argentina,USA,Continental Casualty Company v. Argentine Republic (ICSID Case No. ARB/03/9),insurance investment,,Argentina-United States BIT,ICSID,114000000,2800000,Giorgio Sacerdoti (chair); VV Veeder; Michell Nader,Giorgio Sacerdoti,VV Veeder,,Michell Nader,Decision on Jurisdiction issued on 22 February 2006;Award issued on 5 September 2008,awarded in favor of the investor,http://ita.law.uvic.ca/documents/ContinentalCasualty-Jurisdiction.pdf,,
UNC123,2003,,Saudi Arabia,Germany,Ed. Züblin AG v. Kingdom of Saudi Arabia (ICSID Case No. ARB/03/01),construction of university facilities,,Germany-Saudi Arabia BIT,ICSID,,,,,,,,Order taking note of the discontinuance pursuant to Arbitration Rule 44 issued by the Acting Secretary-General on 22 July 2003,settled,,,
UNC125,2003,2007,Philippines,Germany,Fraport AG Frankfurt Airport Services Worldwide v. the Philippines (ICSID Case No. ARB/03/25),construction of airport terminal,Claim arising out of annulment of Contract,Germany-Philippines BIT,ICSID,450000000,,L. Yves Fortier (Chair); Bernardo M. Cremades; W. Michael Reisman,L. Yves Fortier,Bernardo M. Cremades,,W. Michael Reisman,Award issued on 27 July 2007,awarded in favor of the state,http://www.investmentclaims.com/decisions/Fraport-Philippines-Award.pdf,,
UNC130,2003,,Argentina,USA,"Pioneer Natural Resources Company, Pioneer Natural Resources (Argentina) S.A. and Pioneer Natural Resources (Tierra del Fuego) S.A. v. Argentine Republic (ICSID Case No. ARB/03/12)",hydrocarbon and electricity concessions,,Argentina-United States BIT,ICSID,,,,,,,,Order taking note of the discontinuance pursuant to Arbitration Rule 43(1) issued by the Tribunal on 23 June 2005,settled,,,
UNC132,2003,2006,Hungary,Cyprus,ADC Affiliate Limited and ADC & ADMC Management Limited v. Hungary (ICSID Case No. ARB/03/16),airport project,claims arising out of the alleged take-over by the Government of Hungary of all activities of the investor's company in the Budapest airport,Cyprus-Hungary BIT,ICSID,244373347,75000000,Neil Kaplan (Chair); The Hon. Charles Brower; Albert Jan van den Berg,Neil Kaplan,The Hon. Charles Brower,,Albert Jan van den Berg,Award issued on 2 October 2006,awarded in favor of the investor,http://www.investmentclaims.com/decisions/ARB0316_ADCvHungary_AwardOctober2_2006.pdf,,
UNC133,2003,,Bulgaria,Cyprus,Plama Consortium Limited v. Bulgaria (ICSID Case No. ARB/03/24),oil refinery,,Energy Charter Treaty and Bulgaria-Cyprus BIT,ICSID,300000000,,Carl F. Salans (Chair); Albert Jan van den Berg; V.V. Veeder,Carl F. Salans,Albert Jan van den Berg,,V.V. Veeder,Decision on Jurisdiction issued on 8 February 2005;Order on provisional measures issued on 6 September 2005;Award issued on 27 August 2008,awarded in favor of the state,http://ita.law.uvic.ca/documents/plamavbulgaria.pdfhttp://ita.law.uvic.ca/documents/PlamaOrderonProvisionalMeasures.pdf,,
UNC137,2004,,Argentina,USA,RGA Reinsurance Company v. Argentine Republic (ICSID Case No. ARB/04/20),financial reinsurance services,,Argentina-United States BIT,ICSID,,,Fali S. Nariman (Chair); Piero Bernardini; Georges Abi-Saab,Fali S. Nariman,Piero Bernardini,,Georges Abi-Saab,settled,settled,,,
UNC140,2004,,India,Netherlands,"Offshore Power Production C.V., Travamark Two B.V., EFS India-Energy B.V., Enron B.V., and Indian Power Investments B.V. (Netherlands) v. India",power plant,,India-Netherlands BIT,UNCITRAL,4000000000,,Marc Lalonde; Lord Cooke of Thorndon,,Marc Lalonde,,Lord Cooke of Thorndon,settled,settled,,no decision awarded,
UNC142,2004,,India,Austria,Erste Bank Der Oesterreichischen Sparkassen AG v. India,related to financing of Dabhol Power Plant,,Austria-India BIT,UNCITRAL,,,,,,,,,settled,,,
UNC145,2004,,Slovenia,Netherlands,Interbrew v. Slovenia (ICSID Case No. ARB/04/17),brewery,,Netherlands-Slovenia BIT,ICSID,,,,,,,,Order taking note of the discontinuance pursuant to Arbitration Rule 44 issued by the Tribunal on 18 July 2005,settled,,,
UNC146,2004,2007,Estonia,Finland,OKO Osuuspankkien Keskuspankki Oyj and others v. Estonia (ICSID Case No. ARB/04/6),debt instruments,Claim arising out of the alleged non-payment of a loan which had been made to a joint-venture Estonian company,Estonia-Germany BIT and Estonia-Finland BIT,ICSID,,,,,,,,Award issued on 19 November 2007 (not public),awarded in favor of the investor,,,
UNC147,2004,2007,Czech Republic,Netherlands,Eastern Sugar v. Czech Republic,agricultural investment,,Czech Republic-Netherlands BIT,UNCITRAL,,25539995,Dr. Pierre A. Karrer (Chair); Robert Volterra; Pr. Emmanuel Gaillard,Dr. Pierre A. Karrer,Robert Volterra,,Pr. Emmanuel Gaillard,Partial award issued on 27 March 2007,awarded in favor of the investor,http://ita.law.uvic.ca/documents/EasternSugar.pdf,,
UNC148,2004,,India,France,BNP Paribas v. India,related to financing of Dabhol Power Plant,,France-India BIT,UNCITRAL,,,,,,,,,settled,,,
UNC149,2004,,India,France,"Credit Lyonnais  SA, (now Calyon SA) v. India             ",related to financing of Dabhol Power Plant,,France-India BIT,UNCITRAL,,,,,,,,,settled,,,
UNC150,2004,,India,Netherlands,ABN Amro N.V. v. India,related to financing of Dabhol Power Plant,,India-Netherlands BIT,UNCITRAL,,,,,,,,settled,settled,,,
UNC151,2004,,India,Switzerland,Credit Suisse First Boston v. India,related to financing of Dabhol Power Plant,,India-Switzerland BIT,UNCITRAL,,,,,,,,,settled,,,
UNC152,2004,,India,United Kingdom,ANZEF Ltd. V. India,related to financing of Dabhol Power Plant,,India-United Kingdom BIT,UNCITRAL,,,,,,,,,settled,,,
UNC153,2004,,India,United Kingdom,Standard Chartered Bank v. India,related to financing of Dabhol Power Plant,,India-United Kingdom BIT,UNCITRAL,,,,,,,,,settled,,,
UNC154,2004,,Poland,USA,"Cargill, Incorporated v. Poland (ICSID Case No. ARB(AF)/04/2)",isoglucose production,,Poland-United States BIT,UNCITRAL (This case was switched from an ICSID case to an UNCITRAL case at the request of the parties),,,Gabrielle Kaufmann-Köhler (Chair); Emmanuel Gaillard; Bernard Hanotiau,Gabrielle Kaufmann-Köhler,Emmanuel Gaillard,,Bernard Hanotiau,Award issued on 18 September 2009 (not public),unknown,,,
UNC156,2004,2006,Russia,Belgium,Vladimir Berschader and Michael Berschader v. Russian Federation,construction project,,Belgium & Luxembourg-USSR BIT,SCC,,,,,,,,Decision on Jurisdiction issued April 2006 (not public),awarded in favor of the state,,,
UNC159,2004,2006,Hungary,Norway,Telenor Mobile Communications AS v. Hungary (ICSID Case No. ARB/04/15),telecommunication concession,,Hungary-Norway BIT,ICSID,116500000,,Roy Goode (Chair); Nicholas W.Allard; Arthur L. Marriott,Roy Goode,Nicholas W.Allard,,Arthur L. Marriott,Decision on Jurisdiction issued on 13 September 2006,awarded in favor of the state,http://www.worldbank.org/icsid/cases/pdf/ARB0415_telenor-v-hungary-award.pdf,,
UNC160,2004,,Mongolia,Italy,Alstom Power Italia SpA and Alstom SpA v. Mongolia (ICSID Case No. ARB/04/10),thermal energy station project,,Energy Charter Treaty and Italy-Mongolia BIT,ICSID,,,,,,,,Order taking note of the discontinuance pursuant to Arbitration Rule 43(1) issued by the Tribunal on 13 March 2006,settled,,,
UNC161,2004,,Turkey,USA,"Motorola Credit Corporation, Inc. v. Turkey (ICSID Case No. ARB/04/21)",cellular telecommunications network,,Turkey-United States BIT,ICSID,,900000000,Henri C. Alvarez (Chair); Jan Paulsson; Pierre Mayer,Henri C. Alvarez,Jan Paulsson,,Pierre Mayer,Order taking note of the discontinuance pursuant to Arbitration Rule 43(1) issued by the Tribunal on 21 November 2005,settled,Not found,,
UNC162,2004,2005,Moldova,Russia,"Iurii Bogdanov, Agurdino-Invest Ltd and Agurdino-Chimia JSC v. Moldova",privatization contract,,Moldova-Russian Federation BIT,SCC,47000,28000,Giuditta Cordero Moss (sole arbitrator),NA,Giuditta Cordero Moss,sole arbitrator,NA,Award issued on 22 September 2005,awarded in favor of the investor,http://ita.law.uvic.ca/documents/Bogdanov-Moldova-22September2005.pdf,,
UNC163,2004,,Argentina,France,France Telecom v. Argentina (ICSID Case No. ARB/04/18),telecommunication concession,,France-Argentina BIT,ICSID,,,,,,,,Order taking note of the discontinuance pursuant to Arbitration Rule 44 issued by the Acting Secretary-General on 30 March 2006,settled,,,
UNC165,2004,,United Kingdom,USA,Western NIS Enterprise Fund v. United Kingdom (ICSID Case No. ARB/04/2),sunflower oil joint venture,,United Kingdom-United States BIT,ICSID,,,Rodrigo Oreamuno (Chair); Jan Paulsson; Michael Pryles,Rodrigo Oreamuno,Jan Paulsson,,Michael Pryles,Order taking note of the discontinuance pursuant to Arbitration Rule 43(1) issued by the Tribunal on 1 June 2006,settled,http://www.worldbank.org/icsid/cases/pdf/ARB042_ORDERreNotice.pdf,,
UNC166,2004,2007,Chile,Argentina,Sociedad Anónima Eduardo Vieira v. Chile (ICSID Case No. ARB/04/7),fisheries company,,Argentina-Chile BIT,ICSID,,,Claus von Wobeser (Chair); Susana B. Czar de Zalduendo; W. Michael Reisman,Claus von Wobeser,Susana B. Czar de Zalduendo,,W. Michael Reisman,Award issued on 21 August 2007,awarded in favor of the state,http://www.investmentclaims.com/decisions/SAEV-Chile-Award.pdf,,
UNC168,2004,,Mexico,USA,"Archer Daniels Midland and Tate & Lyle Ingredients Americas, Inc. v. United Mexican States (ICSID Case No. ARB(AF)/04/5)",soft drink sweetener production enterprise,,NAFTA,ICSID AF,,33510091,"Bernardo M Cremades (chair), Arthur W Rovine, Eduardo T Siqueiros",Bernardo M Cremades,Arthur W Rovine,,Eduardo T Siqueiros,Award issued on 21 November 2007,awarded in favor of the investor,http://www.worldbank.org/icsid/cases/Corn_Archer_order_en.pdf,,
UNC169,2004,2007,Viet Nam,Netherlands,Trinh Vinh Binh and Binh Chau Joint stock Company v. Socialist Viet Nam,frozen food factory and real estate investments,Claim arising out of criminal conviction of Mr Trinh as well as the seizure of his assets,Netherlands-Viet Nam BIT,UNCITRAL (Being administered at SCC),,,Mark Baker; Brigitte Stern; Kaj Hober,Mark Baker,Brigitte Stern,,Kaj Hober,Award issued on 14 March 2007,settled,,,
UNC170,2004,,Egypt,Belgium,Jan de Nul N.V. and Dredging International N.V. v. Arab Egypt (ICSID Case No. ARB/04/13),dredging project,,Belgium-Luxembourg-Egypt BIT,ICSID,70000000,,"Gabrielle Kaufmann-Kohler (chair), Pierre Mayer, Brigitte Stern",Gabrielle Kaufmann-Kohler,Pierre Mayer,,Brigitte Stern,Decision on Jurisdiction issued on 16 June 2006;Award issued on 24 October 2008,awarded in favor of the state,http://ita.law.uvic.ca/documents/JandeNuljurisdiction061606.pdf,,
UNC171,2004,,Argentina,USA,"BP America Production Company, Pan American Sur SRL, Pan American Fueguina, SRL and Pan American Continental SRLothers v. Argentine Republic (ICSID Case No. ARB/04/8) (consolidated with ICSID Case No. ARB/03/13)",hydrocarbon concession and electricity generation project,,Argentina-United States BIT,ICSID,,,"Lucius Caflisch (chair), Albert Jan van den Berg, Brigitte Stern",Lucius Caflisch,Albert Jan van den Berg,,Brigitte Stern,Decision on Preliminary Objections issued on 27 July 2006;settlement agreed by the parties and proceeding discontinued at their request (Order taking note of the discontinuance issued by the Tribunal on 20 August 2008 pursuant to Arbitration Rule 43(1)),settled,http://ita.law.uvic.ca/documents/PanAmericanBPJurisdiction-eng.pdf,,
UNC172,2004,,Indonesia,Singapore [Singaporean subsidiary of Cemex SA de CV (Mexico)],Cemex Asia Holdings Ltd v. Indonesia (ICSID Case No. ARB/04/3),cement production enterprise,,1987 ASEANAgreement for the Promotion and Protection of Investments,ICSID,400000000,,L. Yves Fortier (Chair); Robert von Mehren; Brigitte Stern,L. Yves Fortier,Robert von Mehren,,Brigitte Stern,"Settlement recorded at request of Parties in the form of an award (Award embodying the parties’ settlement agreement rendered on 23 February 2007, pursuant to Arbitration Rule 43(2))",settled,,,
UNC178,2004,,Ecuador,USA,DUnited Kingdome Energy Electroquil Partners and Electroquil SA v. Ecuador (ICSID Case No. ARB/04/19),power generation facilities,,Ecuador-United States BIT,ICSID,25000000,5578566,Gabrielle Kaufmann-Köhler (Chair); Enrique Gomez-Pinzon; Albert Jan Van den Berg,Gabrielle Kaufmann-Köhler,Enrique Gomez-Pinzon,,Albert Jan Van den Berg,Award issued on 12 August 2008,awarded in favor of the investor,,,
UNC179,2005,,Argentina,Netherlands,TSA Spectrum de Argentina S.A. v. Argentine Republic (ICSID Case No. ARB/05/5),telecommunications concession,,Argentina-Netherlands BIT,ICSID,,,Hans Danelius (Chair); Georges Abi-Saab; Grant D. Aldonas,Hans Danelius,Georges Abi-Saab,,Grant D. Aldonas,Award (on jurisdiction) issued on 19 December 2008,awarded in favor of the state,,,
UNC180,2005,,Argentina,Chile,Compania General de Electricidad S.A. and CGE Argentina S.A. v. Argentine Republic (ICSID Case No. ARB/05/2),electricty distribution concessions,,Argentina-Chile BIT,ICSID,,,Pierre Tercier (Chair); Henri C. Alvarez; Georges Abi-Saab,Pierre Tercier,Henri C. Alvarez,,Georges Abi-Saab,Order taking note of the discontinuance issued on 28 July 2009,settled,,,
UNC182,2005,,USA,Canada,"Theodorus de Boer, et.al. (Canadian Cattlemen for Fair Trade) v. United States (107 different claimants)",agricultural enterprises,"claims arising from the closure of the United States–Canada border to the importation of Canadian cattle after the discovery in 2003 of a case of bovine spongiform encephalopathy (BSE, or mad cow disease) in a cow in Alberta, Canada",NAFTA,UNCITRAL,235000000,,"Karl-Heinz Böckstiegel (chair), Lucinda A Low, James Bacchus",Karl-Heinz Böckstiegel,Lucinda A Low,,James Bacchus,Award on Jurisdiction issued on 28 January 2008,awarded in favor of the state,,,
UNC187,2005,,Thailand,Germany,Walter Bau vs. Thailand,unknown,,Germany-Thailand BIT,UNCITRAL,,,Sir Ian Barker (Chair); Marc Lalonde; Jayavadh Bunnag,Sir Ian Barker,Marc Lalonde,,Jayavadh Bunnag,Award issued on 1 July 2009 (not public),unknown,,,
UNC189,2005,,Ecuador,USA,Noble Energy Inc. and Machala Power Cía. Ltd. v. Ecuador and Consejo Nacional de Electricidad (ICSID Case No. ARB/05/12),electricty enterprise,,Ecuador-United States BIT,ICSID,,,Gabrielle Kaufmann-Köhler (Chair); Henri C. Alvarez; Bernardo M. Cremades,Gabrielle Kaufmann-Köhler,Henri C. Alvarez,,Bernardo M. Cremades,Decision on Jurisdiction issued on 5 March 2008;Order taking note of the discontinuance issued on 20 May 2009,settled,,,
UNC190,2005,,Moldova,Russia,Bogdanov v. Moldova,unknown,Claim arising out of alleged wrongdoing on the part of the Centre of Combatting Economic Crimes,Moldova (Republic of)-Russian Federation BIT,SCC,,,,,,,,,unknown,,,
UNC191,2005,,Romania,United Kingdom,EDF (Services) Limited v. Romania (ICSID Case No. ARB/05/13),duty free services,claims arising out of a concession to provide duty free and other retail services at Romanian airports,BIT Romania-United Kingdom or United States,ICSID,108000000,,Piero Bernardini (Chair); Arthur W. Rovine; Yves Derains,Piero Bernardini,Arthur W. Rovine,,Yves Derains,Award issued on 8 October 2009,awarded in favor of the state,,,
UNC193,2005,,Venezuela,Netherlands,I&I Beheer B.V. v. Venezuela (ICSID Case No. ARB/05/4),debt instruments,,Netherlands-Venezuela BIT,ICSID,,,Karl-Heinz Böckstiegel (Chair); Charles N. Brower; Perre-Marie Dupuy,Karl-Heinz Böckstiegel,Charles N. Brower,,Perre-Marie Dupuy,,unknown,,,
UNC194,2005,,Yemen,Oman,Desert Line Projects LLC v. Yemen (ICSID Case No. ARB/05/17),road construction project,,Oman-Yemen BIT,ICSID,250000000,17400000,Pierre Tercier (Chair); Ahmed S. El-Kosheri; Jan Paulsson,Pierre Tercier,Ahmed S. El-Kosheri,,Jan Paulsson,Award issued on 6 February 2008,awarded in favor of the investor,,,
UNC196,2005,,Algeria,Italy,LESI S.p.A. and Astaldi S.p.A v. Algeria (ICSID Case No. ARB/05/3),construction of a dam,,Algeria-Italy BIT,ICSID,,,Pierre Tercier (Chair); Emmanuel Gaillard; Bernard Hanotiau,Pierre Tercier,Emmanuel Gaillard,,Bernard Hanotiau,Decision on Jurisdiction issued on 12 July 2006;Award issued on 12 November 2008,awarded in favor of the state,http://www.worldbank.org/icsid/cases/LESI_7-12-06.pdf,,
UNC197,2005,2007,Mexico,USA,Bayview Irrigation District and others v. United Mexican States (ICSID Case No. ARB(AF)/05/1),agricultural enterprises,,NAFTA,ICSID AF,667687930,,Vaughan Lowe (Chair); Ignocio Gòmez-Palacio; Edwin Meese III,Vaughan Lowe,Ignocio Gòmez-Palacio,,Edwin Meese III,Final Award (Jurisdiction) issued on 21 June 2007,awarded in favor of the state,http://www.investmentclaims.com/decisions/Bayview_Jursdictional_Award_19-05-07.pdf,,
UNC198,2005,,Czech Republic,Netherlands,Mittal Steel Company N.V.(Dutch company) v Czech Republic,steel industry project,,Czech Republic-Netherlands BIT,UNCITRAL,1400000000,,"Lord Steyn (chair), Piero Bernardini, Christopher Greenwood",Lord Steyn,Piero Bernardini,,Christopher Greenwood,Settlement reached in early 2009,settled,,,
UNC199,2005,2007,Czech Republic,Luxembourg,European Media Ventures v. Czech Republic,broadcasting enterprise,,Czech Republic-Luxembourg BIT,UNCITRAL,,,"Lord Mustill (chair), Julian Lew, Christopher Greenwood",Lord Mustill,Julian Lew,,Christopher Greenwood,Award on jurisdiction issued in 2007;Award issued on 8 July 2009 (not public),unknown,Award not public,,
UNC200,2005,,"Congo, Democratic Republic of",USA,"African Holding Company of America, Inc. and Société Africaine de Construction au Congo S.A.R.L. v. Democratic the Congo (ICSID Case No. ARB/05/21)",construction contracts,,"Congo, Democratic Republic of-United States BIT",ICSID,,,Francisco Orrego Vicuna (Chair); Otto L.O. de Witt Wijnen; Dominique Grisay,Francisco Orrego Vicuna,Otto L.O. de Witt Wijnen,,Dominique Grisay,Award (on jurisdiction) issued on 29 July 2008,awarded in favor of the state,,,
UNC202,2005,2007,Lithuania,Norway,Parkerings Compagniet AS v. Lithuania (ICSID Case No. ARB/05/8),public parking concession,,Lithuania-Norway BIT,ICSID,30000000,,"Dr. Laurent Lévy (Chair); Dr. Julian Lew Q.C.; The Hon. Marc Lalonde P.C., O.C., Q.C.",Dr. Laurent Lévy,Julian Lew,,Marc Lalonde,Award issued on 11 September 2007,awarded in favor of the state,http://www.investmentclaims.com/decisions/Parkerings-Compagniet-Lithuania-Award.pdf,,
UNC203,2005,,"Tanzania, United Republic of",United Kingdom,Biwater Gauff (Tanzania) Ltd. v. United Tanzania (ICSID Case No. ARB/05/22),water and sewer services concession,"Claim arising out of certain actions of the Government of Tanzania and the Water and Sewage Authority of Dar es Salaam, including the repudiation of a lease contract concluded with the investor, the deportation of its senior management, the seizure of its assets, and the occupation of its offices.","Tanzania, United Republic of-United Kingdom BIT",ICSID,20000000,,Bernard Hanotiau (Chair); Gary Born; Toby Landau,Bernard Hanotiau,Gary Born,,Toby Landau,Procedural order No. 1 (provisional measures/ documents production) issued on 31 March 2006;Procedural Order No. 4 (Amicus Curiae) issued on 2 February 2007;Procedural Order No. 5 (Amicus and post hearing process) issued on 7 May 2007,awarded in favor of the state,http://www.investmentclaims.com/decisions/BGT-Tanzania-Procedural_Order_6-25-04-07.pdfhttp://www.investmentclaims.com/decisions/ARB0522%20Biwater-PO5.pdf,,
UNC206,2005,2007,Malaysia,United Kingdom,"Malaysian Historical Salvors, SDN, BHD v.  Malaysia (ICSID Case No. ARB/05/10)",salvage contract,,Malaysia-United Kingdom BIT,ICSID,14000000,,Michael Hwang (sole arbitrator);Annulment Committee: Stephen M. Schwebel (Chair); Mohamed Shahabuddeen; Peter Tomka,NA,Michael Hwang,sole arbitrator,NA,Award issued on 28 May 2007;Decision on the Application for Annulment issued on 16 April 2009,awarded in favor of the state,http://www.investmentclaims.com/decisions/MHS-Malaysia-Award.pdf,,
UNC208,2005,,Bangladesh,Italy,Saipem S.p.A. v. People's Bangladesh (ICSID Case No. ARB/05/7),gas pipeline project,claims arising out of the failure of the Bangladesh courts to enforce a commercial arbitration award,Bangladesh-Italy BIT,ICSID,5883770.8,5883770,Gabrielle Kaufmann-Köhler (Chair); Christoph H. Schreuer; Sir Philip Otton,Gabrielle Kaufmann-Köhler,Christoph H. Schreuer,,Sir Philip Otton,Decision on Jurisdiction and Recommandation on provisional Measures issued on 21 March 2007;Award issued on 30 June 2009,awarded in favor of the investor,http://www.worldbank.org/icsid/cases/pdf/ARB057-doc1.pdf,,
UNC211,2005,,Ecuador,USA,"Empresa Electrica del Ecuador, Inc. (Emelec) v. Ecuador (ICSID Case No. ARB/05/9)",electricty enterprise,,Ecuador-United States BIT,ICSID,1116491000,,Bernardo Sepúlveda Amor (Chair); John H. Rooney; W. Michael Reisman,Bernardo Sepúlveda Amor,John H. Rooney,,W. Michael Reisman,Award issued on 2 June 2009,awarded in favor of the state,,,
UNC215,2005,,United Kingdom,Latvia,Amto v. United Kingdom,power generation,dispute arising out of the bankruptcy of a nuclear power plant and default under contracts to provide services in relation to high voltage electrical equipment used in Zaporizhya power plant in United Kingdom,Energy Charter Treaty,SCC,,,Bernardo Cremades (Chair); Per Runeland; Christer Söderlund,Bernardo Cremades,Per Runeland,,Christer Söderlund,Decision on jurisdiction issued (not public);Final Award issued on 26 March 2008,awarded in favor of the state,,,
UNC216,2005,,Czech Republic,Netherlands,K+Venture Partners v. Czech Republic,,unknown,Czech Republic-Netherlands BIT,UNCITRAL,5100000,,Klaus Sachs (Chair); Klaus Reichert; Thomas Waelde,Klaus Sachs,Klaus Reichert,,Thomas Waelde,Settlement reached in late 2006,settled,,,
UNC217,2005,,Zimbabwe,Netherlands,Bernadus Henricus Funnekotter and others v. Zimbabwe (ICSID Case No. ARB/05/6),commercial farms,,Netherlands-Zimbabwe BIT,ICSID,15000000,12000000,Gilbert Guillaume (Chair); Ronald A. Cass; Mohammad Wasi Zafar,Gilbert Guillaume,Ronald A. Cass,,Mohammad Wasi Zafar,Award issued on 22 April 2009,awarded in favor of the investor,,,
UNC218,2005,,Czech Republic,Croatia,Pren Nreka v. Czech Republic,rental property,,Croatia-Czech Republic BIT,UNCITRAL,,pending; Tribunal has jurisdiction (decision is not public);review of decision on jurisdiction rejected by French court,,,,,,Decision on Jurisdiction issued on 5 February 2007;Final Award issued on 22 July 2008,awarded in favor of the investor,,,
UNC220,2006,,Slovakia,Switzerland,Branimir Mensik v. Slovak Republic (Case No. ARB/06/9),mineral water spring project,,Slovak Republic-Switzerland BIT,ICSID,,"Tribunal issued an order for the discontinuance of the proceeding on 9 December 2008, for lack of payment of advances, pursuant to Regulation 14(3)(d) of the ICSID Administrative and Financial Regulations",Michael Reisman (Chair); Karl-Heinz Böckstiegel; Bohuslav Klein,Michael Reisman,Karl-Heinz Böckstiegel,,Bohuslav Klein,,unknown,,,
UNC224,2006,,Czech Republic,Israel,Phoenix Action Ltd v. Czech Republic (ICSID Case No. ARB/06/5),metal industry project,,Czech Republic-Israel BIT,ICSID,,Tribunal lacks jurisdiction,Brigitte Stern (Chair); Andreas Bucher; Juan Fernandez-Armesto,Brigitte Stern,Andreas Bucher,,Juan Fernandez-Armesto,Award issued on 15 April 2009,awarded in favor of the state,,,
UNC225,2006,,Poland,France,Vivendi v Poland,mobile telephone company,,France-Poland BIT,UNCITRAL,,unknown,Klaus Sachs (Chair); Ibrahim Fadlallah; Merrick Furtek,Klaus Sachs,Ibrahim Fadlallah,,Merrick Furtek,,unknown,,,
UNC226,2006,,Estonia,Netherlands and USA,Rail World LLC and others v. Estonia (ICSID Case No. ARB/06/6),railroad enterprise,,Estonia-Netherlands BIT and Estonia-United States BIT,ICSID,,Case was settled and proceeding discontinued,Gabrielle Kaufmann-Köhler (Chair); Karl-Heinz Böckstiegel; Emmanuel Gaillard,Gabrielle Kaufmann-Köhler,Karl-Heinz Böckstiegel,,Emmanuel Gaillard,Order taking note of the discontinuance pursuant to Arbitration Rule 43(1) issued by the Tribunal on 5 February 2007,settled,,,
UNC227,2006,,Azerbaijan,Netherlands,"Azpetrol International Holdings B.V., Azpetrol Group B.V. and Azpetrol Oil Services Group B.V. v. Azerbaijan (ICSID Case No. ARB/06/15)","oil and gas distribution, trade, storage and transportation enterprise",,Energy Charter Treaty,ICSID,,Tribunal lacks jurisdiction,"Florentino P. Feliciano (chair), Professor Christopher Greenwood QC CMG,  Judge Charles N. Brower",Florentino P. Feliciano,Professor Christopher Greenwood,,#N/A,Award issued on 8 September 2009,awarded in favor of the state,,,
UNC229,2006,,Turkey,Poland,Cementownia “Nowa Huta” S.A. v. Turkey (ICSID Case No. ARB(AF)/06/2),Electricity concessions,"claims arising out of seizure of utilities, for political reasons according to the claimant but for financial reasons according to the respondent",Energy Charter Treaty,ICSID/AF,46000000000,Tribunal lacks jurisdiction,Pierre Tercier (Chair); Marc Lalonde; J. Christopher Thomas,Pierre Tercier,Marc Lalonde,,J. Christopher Thomas,Award issued on 17 September 2009,awarded in favor of the state,,,
UNC230,2006,,Uzbekistan,Switzerland,Romak v Uzbekistan,grain sales contract,claims arising out of the alleged non-performance of a previous arbitral award,BIT Switzerland-Uzbekistan,UNCITRAL,10000000,Tribunal lacks jurisdiction,"Fernando Mantilla-Serrano (chair), Nicolas Molfessis, Noah Rubins",Fernando Mantilla-Serrano,Nicolas Molfessis,,Noah Rubins,Award issued on 26 November 2009,awarded in favor of the state,,,
UNC231,2006,,Ecuador,Spain,"Técnicas Reunidas, S.A. and Eurocontrol, S.A. v. Ecuador (ICSID Case No. ARB/06/17)",oil refinery expansion,,Ecuador-Spain BIT,ICSID,35000000,settlement reached in May 2008 and proceedings discontinued,,,,,,,unknown,,,
UNC232,2006,,Nicaragua,Netherlands,Shell Brands International AG and Shell Nicaragua S.A. v. Nicaragua (ICSID Case No. ARB/06/14),Trademarks,,Netherlands-Nicaragua BIT,ICSID,,Claim discontinued,,,,,,ICSID Secretary-General issued order taking note of the discontinuance of the proceeding pursuant to Arbitration Rule 44 on 12 March 2007,settled,,,
UNC235,2006,,United Kingdom,India,Sancheti v United Kingdom,,,BIT India-United Kingdom,UNCITRAL,,unknown,"Francisco Rezek (chair), Umesh Chandra Banerjee, Michael Reisman",Francisco Rezek,Umesh Chandra Banerjee,,Michael Reisman,,unknown,,,
UNC237,2006,,Azerbaijan,Turkey,Barmek v Azerbaijan (ICSID Case No. ARB/06/16),electricity concession,,Energy Charter Treaty,ICSID,,settlement agreed by the parties and recorded at their request in the form of an award,Vaughan Lowe (Chair); Peter W. Galbraith; Brigitte Stern,Vaughan Lowe,Peter W. Galbraith,,Brigitte Stern,Award embodying the parties' settlement agreement issued on 28 September 2009,settled,,,
UNC241,2007,,Poland,Germany,Nordzucker v Poland,sugar enterprise,claims arising out of the alleged non-privatization of two Polish sugar producers,Germany-Poland BIT,UNCITRAL,,Pending,,,,,,Decision on Jurisdiction issued in 2009 (not public);Award issued in 2009 (not public),unknown,,,
UNC250,2007,,Jordan,USA,"Trans-Global Petroleum, Inc. v. Hashemite Kingdom of Jordan (ICSID Case No. ARB/07/25)",Oil exploration concession,,Jordan-United States BIT,ICSID,540000000,claim is only partly manifestly without merit,V.V. Veeder (chair); Donald M. McRae; James R. Crawford,V.V. Veeder,Donald M. McRae,,James R. Crawford,"Award embodying the parties' settlement agreement rendered on April 8, 2009, pursuant to ICSID Arbitration Rule 43(2);Decision on Rule 41(5) objection issued on 12 May 2008",settled,,,
UNC251,2007,,Dominican Republic,France,Société Générale v Dominican Republic,Electricity investment,Claims arising out of the alleged failure by the Dominican Republic to enforce electricity rate increases and to control rampant electricity theft,Dominican Republic-France BIT,UNCITRAL,680000000,Pending,,,,,,,unknown,,,
UNC255,2007,,Dominican Republic,USA,TCW v Dominican Republic,Electricity distribution,claims arising out of alleged host State wrongfully interference with investor's indirect holdings in a joint venture,CAFTA-DR,UNCITRAL (administered by PCA),,parties reached a settlement (details of the settlement agreement are not public),"Karl-Heinz Boeckstiegel (chair), Mark Kantor, Juan Fernandez-Armesto",Karl-Heinz Boeckstiegel,Mark Kantor,,Juan Fernandez-Armesto,Consent Award issued on 16 July 2009,settled,,,
UNC261,2007,,Turkey,Poland,Europe Cement Investment and Trade S.A. v. Turkey (ICSID Case No. ARB(AF)/07/2),Electricity concessions,"Claim arise out of seizure of Utilities, for political reasons according to the claimant but for financial reasons accordint to the responder",Energy Charter Treaty,ICSID,380000000,Tribunal lacks jurisdiction,"Donald M. McRae (chair); Julian D.M. Lew, Laurent Lévy",Donald M. McRae,Julian D.M. Lew,,Laurent Lévy,Award issued on 13 August 2009,awarded in favor of the state,,,
UNC266,2007,,Venezuela,Netherlands,Eni Dación B.V. v. Venezuela (ICSID Case No. ARB/07/4),oil production enterprise,,Netherlands-Venezuela BIT,ICSID,1000000000,settlement agreed by the parties and proceeding discontinued at the request of the Claimant,,,,,,Order taking note of the discontinuance issued by the Acting Secretary-General pursuant to ICSID Arbitration Rule 44 on 18 April 2008,settled,,,
UNC267,2007,,Armenia,USA,Global Gold Mining LLC v. Armenia (ICSID Case No. ARB/07/7),Mining enterprise,,Armenia-United States BIT,ICSID,,settlement agreed by the parties and proceeding discontinued at their request,,,,,,Order taking note of the discontinuance issued by the Acting Secretary-General on 9 May 2008 pursuant to ICSID Arbitration Rule 43(1),settled,,,
UNC268,2007,,Albania,Greece,Pantechniki S.A. Contractors & Engineers v. Albania (ICSID Case No. ARB/07/21),Construction contracts,,Albania-Greece BIT,ICSID,1800000,Tribunal has jurisdiction; claims dismissed on the merits,Jan Paulsson (sole arbitrator),NA,Jan Paulsson,sole arbitrato,NA,Award issued on 30 July 2009,awarded in favor of the state,,,
UNC272,2007,,Canada,USA,Mobil Investments Canada Inc. and Murphy Oil Corporation v. Canada (ICSID Case No. ARB(AF)/07/4),Holding Company to petroleum development projects,,NAFTA,ICSID/AF,60000000,parties reached a settlement (details of the settlement agreement are not public),"Hans Van Houtte (chair), Merit Janow, Philippe Sands",Hans Van Houtte,Merit Janow,,Philippe Sands,"settlement agreed by the parties and proceeding discontinued at the request of the Claimant (Order taking note of the discontinuance issued by the Acting Secretary-General pursuant to ICSID Arbitration Rule 44 on April 18, 2008)",settled,,,
UNC273,2007,,Bolivia,Netherlands,E.T.I. Euro Telecom International N.V. v. Bolivia (ICSID Case No. ARB/07/28),Telecommunications enterprise,,Bolivia-Netherlands BIT,ICSID,,proceedings discontinued,"Bruno Simma (chair), Francisco Orrego Vicunã, Philippe Sands",Bruno Simma,Francisco Orrego Vicunã,,Philippe Sands,,unknown,,,
UNC295,2006,,Czech Republic,Norway,Czechoslonor v. Czech Republic,fisheries company,,Czech Republic-Norway BIT,unknown,95000000,unknown,,,,,,,unknown,,,
UNC296,2008,,Bolivia,Luxembourg,AEI Luxembourg Holdings v Bolivia,natural gas pipeline enteprise,claims arising out of the alleged expropriation of shares in the natural gas pipeline enterprise,BIT Bolivia-Luxembourg,SCC,,settlement reached,"Gabrielle Kaufmann-Kohler (Chair), Charles Brower, Yves Derains",Gabrielle Kaufmann-Kohler,Charles Brower,,Yves Derains,,settled,,,
UNC301,2008,,United Kingdom,Russia,Tatneft v. United Kingdom,oil refinery,claims arising from the investor's loss of control over Kremenchug refinery and payment defaults for supplied oil,BIT Russian Federation-United Kingdom,UNCITRAL,1100000000,unknown,"Francisco Orrego Vicuña (chair), Charles Brower, Marc Lalonde",Francisco Orrego Vicuña,Charles Brower,,Marc Lalonde,,unknown,,,
UNC321,2007,,Slovakia,Austria,Austrian Airlines v Slovak Republic,,,BIT Austria-Slovak Republic,UNCITRAL,unknown,Tribunal declines jurisdiction,"Gabrielle Kaufmann-Kohler (chair), Charles Brower, Vojtech Trapl",Gabrielle Kaufmann-Kohler,Charles Brower,,Vojtech Trapl,Award issued on 20 October 2009 (not public),awarded in favor of the state,,,
